pde,model,qubits,seed,t,centroid_model,centroid_exact,hf_frac_model,hf_frac_exact
burgers,gaaf,3,777,1.0,0.60136,0.60122,0.0,0.0
burgers,gaaf,3,1234,1.0,0.52532,0.60122,6e-05,0.0
burgers,gaaf,3,2025,1.0,0.6013,0.60122,0.0,0.0
burgers,gaaf,4,777,1.0,0.60117,0.60122,0.0,0.0
burgers,gaaf,4,1234,1.0,0.60124,0.60122,0.0,0.0
burgers,gaaf,4,2025,1.0,0.60121,0.60122,0.0,0.0
burgers,gaaf,5,777,1.0,0.6019,0.60122,0.0,0.0
burgers,gaaf,5,1234,1.0,0.60114,0.60122,0.0,0.0
burgers,gaaf,5,2025,1.0,0.6012,0.60122,0.0,0.0
burgers,gaaf,6,777,1.0,0.60096,0.60122,0.0,0.0
burgers,gaaf,6,1234,1.0,0.60151,0.60122,0.0,0.0
burgers,gaaf,6,2025,1.0,0.60126,0.60122,0.0,0.0
burgers,gaaf,7,777,1.0,0.6012,0.60122,0.0,0.0
burgers,gaaf,7,1234,1.0,0.60135,0.60122,0.0,0.0
burgers,gaaf,7,2025,1.0,0.6013,0.60122,0.0,0.0
burgers,gaaf,8,777,1.0,0.60148,0.60122,0.0,0.0
burgers,gaaf,8,1234,1.0,0.60136,0.60122,0.0,0.0
burgers,gaaf,8,2025,1.0,0.60098,0.60122,0.0,0.0
burgers,qapinn,3,777,1.0,0.6017,0.60122,1e-05,0.0
burgers,qapinn,3,1234,1.0,0.60147,0.60122,0.0,0.0
burgers,qapinn,3,2025,1.0,0.60258,0.60122,0.0,0.0
burgers,qapinn,3,8080,1.0,0.60201,0.60122,0.0,0.0
burgers,qapinn,3,31415,1.0,0.60121,0.60122,1e-05,0.0
burgers,qapinn,4,777,1.0,0.60149,0.60122,0.0,0.0
burgers,qapinn,4,1234,1.0,0.60093,0.60122,0.0,0.0
burgers,qapinn,4,2025,1.0,0.60047,0.60122,2e-05,0.0
burgers,qapinn,4,8080,1.0,0.60134,0.60122,0.0,0.0
burgers,qapinn,4,31415,1.0,0.60121,0.60122,0.0,0.0
burgers,qapinn,5,777,1.0,0.60122,0.60122,0.0,0.0
burgers,qapinn,5,1234,1.0,0.601,0.60122,0.0,0.0
burgers,qapinn,5,2025,1.0,0.60135,0.60122,0.0,0.0
burgers,qapinn,5,8080,1.0,0.60185,0.60122,0.0,0.0
burgers,qapinn,5,31415,1.0,0.6011,0.60122,0.0,0.0
burgers,twin,3,777,1.0,0.60083,0.60122,0.0,0.0
burgers,twin,3,777,1.0,0.60083,0.60122,0.0,0.0
burgers,twin,3,1234,1.0,0.52532,0.60122,6e-05,0.0
burgers,twin,3,1234,1.0,0.52532,0.60122,6e-05,0.0
burgers,twin,3,2025,1.0,0.6011,0.60122,0.0,0.0
burgers,twin,3,2025,1.0,0.6011,0.60122,0.0,0.0
burgers,twin,3,8080,1.0,0.5946,0.60122,0.0,0.0
burgers,twin,3,31415,1.0,0.60143,0.60122,0.0,0.0
burgers,twin,4,777,1.0,0.60095,0.60122,1e-05,0.0
burgers,twin,4,777,1.0,0.60095,0.60122,1e-05,0.0
burgers,twin,4,1234,1.0,0.60117,0.60122,0.0,0.0
burgers,twin,4,1234,1.0,0.60117,0.60122,0.0,0.0
burgers,twin,4,2025,1.0,0.6135,0.60122,0.0,0.0
burgers,twin,4,2025,1.0,0.6135,0.60122,0.0,0.0
burgers,twin,4,8080,1.0,0.60159,0.60122,0.0,0.0
burgers,twin,4,31415,1.0,0.60103,0.60122,0.0,0.0
burgers,twin,5,777,1.0,0.6011,0.60122,0.0,0.0
burgers,twin,5,777,1.0,0.6011,0.60122,0.0,0.0
burgers,twin,5,1234,1.0,0.60085,0.60122,0.0,0.0
burgers,twin,5,1234,1.0,0.60085,0.60122,0.0,0.0
burgers,twin,5,2025,1.0,0.60136,0.60122,0.0,0.0
burgers,twin,5,2025,1.0,0.60136,0.60122,0.0,0.0
burgers,twin,5,8080,1.0,0.6015,0.60122,0.0,0.0
burgers,twin,5,31415,1.0,0.60083,0.60122,0.0,0.0
burgers,twin,6,777,1.0,0.60098,0.60122,0.0,0.0
burgers,twin,6,1234,1.0,0.60125,0.60122,0.0,0.0
burgers,twin,6,2025,1.0,0.60147,0.60122,0.0,0.0
burgers,twin,7,777,1.0,0.601,0.60122,0.0,0.0
burgers,twin,7,1234,1.0,0.60141,0.60122,0.0,0.0
burgers,twin,7,2025,1.0,0.60115,0.60122,0.0,0.0
burgers,twin,8,777,1.0,0.60071,0.60122,0.0,0.0
burgers,twin,8,1234,1.0,0.60103,0.60122,0.0,0.0
burgers,twin,8,2025,1.0,0.60126,0.60122,0.0,0.0
heat,gaaf,3,777,1.0,0.5019,0.50014,5e-05,0.0
heat,gaaf,3,1234,1.0,0.50058,0.50014,2e-05,0.0
heat,gaaf,3,2025,1.0,0.50057,0.50014,2e-05,0.0
heat,gaaf,4,777,1.0,0.50028,0.50014,1e-05,0.0
heat,gaaf,4,1234,1.0,0.50034,0.50014,1e-05,0.0
heat,gaaf,4,2025,1.0,0.50483,0.50014,0.00014,0.0
heat,gaaf,5,777,1.0,0.50009,0.50014,0.0,0.0
heat,gaaf,5,1234,1.0,0.50054,0.50014,2e-05,0.0
heat,gaaf,5,2025,1.0,0.50041,0.50014,1e-05,0.0
heat,gaaf,6,777,1.0,0.50018,0.50014,0.0,0.0
heat,gaaf,6,1234,1.0,0.50018,0.50014,1e-05,0.0
heat,gaaf,6,2025,1.0,0.50029,0.50014,1e-05,0.0
heat,gaaf,7,777,1.0,0.50051,0.50014,2e-05,0.0
heat,gaaf,7,1234,1.0,0.50032,0.50014,1e-05,0.0
heat,gaaf,7,2025,1.0,0.5004,0.50014,1e-05,0.0
heat,gaaf,8,777,1.0,0.50014,0.50014,0.0,0.0
heat,gaaf,8,1234,1.0,0.50037,0.50014,1e-05,0.0
heat,gaaf,8,2025,1.0,0.50055,0.50014,2e-05,0.0
heat,qapinn,3,777,1.0,0.50004,0.50014,0.0,0.0
heat,qapinn,3,1234,1.0,0.50007,0.50014,0.0,0.0
heat,qapinn,3,2025,1.0,0.50016,0.50014,0.0,0.0
heat,qapinn,4,777,1.0,0.50013,0.50014,0.0,0.0
heat,qapinn,4,777,1.0,0.50013,0.50014,0.0,0.0
heat,qapinn,4,1234,1.0,0.50006,0.50014,0.0,0.0
heat,qapinn,4,1234,1.0,0.50006,0.50014,0.0,0.0
heat,qapinn,4,2025,1.0,0.50035,0.50014,1e-05,0.0
heat,qapinn,4,2025,1.0,0.50035,0.50014,1e-05,0.0
heat,qapinn,4,8080,1.0,0.50002,0.50014,0.0,0.0
heat,qapinn,4,31415,1.0,0.50014,0.50014,0.0,0.0
heat,qapinn,5,777,1.0,0.50009,0.50014,0.0,0.0
heat,qapinn,5,1234,1.0,0.50002,0.50014,0.0,0.0
heat,qapinn,5,2025,1.0,0.50021,0.50014,1e-05,0.0
heat,qapinn,6,777,1.0,0.50015,0.50014,0.0,0.0
heat,qapinn,6,1234,1.0,0.50005,0.50014,0.0,0.0
heat,qapinn,6,2025,1.0,0.50011,0.50014,0.0,0.0
heat,qapinn,7,777,1.0,0.50041,0.50014,1e-05,0.0
heat,qapinn,7,1234,1.0,0.50003,0.50014,0.0,0.0
heat,qapinn,7,2025,1.0,0.50005,0.50014,0.0,0.0
heat,qapinn,8,777,1.0,0.5004,0.50014,1e-05,0.0
heat,qapinn,8,1234,1.0,0.50004,0.50014,0.0,0.0
heat,qapinn,8,2025,1.0,0.50039,0.50014,1e-05,0.0
heat,twin,3,777,1.0,0.50056,0.50014,2e-05,0.0
heat,twin,3,777,1.0,0.50056,0.50014,2e-05,0.0
heat,twin,3,1234,1.0,0.50026,0.50014,1e-05,0.0
heat,twin,3,1234,1.0,0.50026,0.50014,1e-05,0.0
heat,twin,3,2025,1.0,0.50019,0.50014,1e-05,0.0
heat,twin,3,2025,1.0,0.50019,0.50014,1e-05,0.0
heat,twin,4,777,1.0,0.50027,0.50014,1e-05,0.0
heat,twin,4,777,1.0,0.50027,0.50014,1e-05,0.0
heat,twin,4,777,1.0,0.50027,0.50014,1e-05,0.0
heat,twin,4,1234,1.0,0.50019,0.50014,1e-05,0.0
heat,twin,4,1234,1.0,0.50019,0.50014,1e-05,0.0
heat,twin,4,1234,1.0,0.50019,0.50014,1e-05,0.0
heat,twin,4,2025,1.0,0.50046,0.50014,1e-05,0.0
heat,twin,4,2025,1.0,0.50046,0.50014,1e-05,0.0
heat,twin,4,2025,1.0,0.50046,0.50014,1e-05,0.0
heat,twin,4,8080,1.0,0.50027,0.50014,1e-05,0.0
heat,twin,4,31415,1.0,0.50039,0.50014,1e-05,0.0
heat,twin,5,777,1.0,0.50027,0.50014,1e-05,0.0
heat,twin,5,777,1.0,0.50027,0.50014,1e-05,0.0
heat,twin,5,1234,1.0,0.50059,0.50014,2e-05,0.0
heat,twin,5,1234,1.0,0.50059,0.50014,2e-05,0.0
heat,twin,5,2025,1.0,0.50024,0.50014,1e-05,0.0
heat,twin,5,2025,1.0,0.50024,0.50014,1e-05,0.0
heat,twin,6,777,1.0,0.50026,0.50014,1e-05,0.0
heat,twin,6,777,1.0,0.50026,0.50014,1e-05,0.0
heat,twin,6,1234,1.0,0.5002,0.50014,1e-05,0.0
heat,twin,6,1234,1.0,0.5002,0.50014,1e-05,0.0
heat,twin,6,2025,1.0,0.50051,0.50014,2e-05,0.0
heat,twin,6,2025,1.0,0.50051,0.50014,2e-05,0.0
heat,twin,7,777,1.0,0.50045,0.50014,1e-05,0.0
heat,twin,7,777,1.0,0.50045,0.50014,1e-05,0.0
heat,twin,7,1234,1.0,0.5002,0.50014,1e-05,0.0
heat,twin,7,1234,1.0,0.5002,0.50014,1e-05,0.0
heat,twin,7,2025,1.0,0.50101,0.50014,3e-05,0.0
heat,twin,7,2025,1.0,0.50101,0.50014,3e-05,0.0
heat,twin,8,777,1.0,0.50013,0.50014,0.0,0.0
heat,twin,8,777,1.0,0.50013,0.50014,0.0,0.0
heat,twin,8,1234,1.0,0.50022,0.50014,1e-05,0.0
heat,twin,8,1234,1.0,0.50022,0.50014,1e-05,0.0
heat,twin,8,2025,1.0,0.50025,0.50014,1e-05,0.0
heat,twin,8,2025,1.0,0.50025,0.50014,1e-05,0.0
