tag,path,family,nu,pde,model,n_feat,seed,retry,note,dead,n_steps,loss_first,loss_final,loss_min,mse_u_final,mse_f_final,wall_s,L2,params
MS_hard_burgers_n3_gaaf_s1234,WISER Results/Phase 2 Hard Burger/GAAF-PINN/qapinn_runs_hardnu_gaaf/checkpoints/MS_hard_burgers_n3_gaaf_s1234.pt,MS,0.01/pi,burgers,gaaf,3,1234,False,,False,2016,2.679185152053833,0.4668790400028229,0.4484391212463379,0.02168685756623745,0.2500104606151581,nan,nan,nan
MS_hard_burgers_n3_gaaf_s1234_r1,WISER Results/Phase 2 Hard Burger/GAAF-PINN/qapinn_runs_hardnu_gaaf/checkpoints/MS_hard_burgers_n3_gaaf_s1234_r1.pt,MS,0.01/pi,burgers,gaaf,3,1234,True,,False,2016,3.2645277976989746,0.003168312832713127,0.003168312832713127,8.216431160690263e-05,0.002346669789403677,nan,0.167695,1801.0
MS_hard_burgers_n3_gaaf_s2025,WISER Results/Phase 2 Hard Burger/GAAF-PINN/qapinn_runs_hardnu_gaaf/checkpoints/MS_hard_burgers_n3_gaaf_s2025.pt,MS,0.01/pi,burgers,gaaf,3,2025,False,,False,2016,2.0159964561462402,0.0002023648557951674,0.0002023648557951674,2.3848149339755764e-06,0.00017851671145763248,nan,0.03849192,1801.0
MS_hard_burgers_n3_gaaf_s777,WISER Results/Phase 2 Hard Burger/GAAF-PINN/qapinn_runs_hardnu_gaaf/checkpoints/MS_hard_burgers_n3_gaaf_s777.pt,MS,0.01/pi,burgers,gaaf,3,777,False,,False,2016,3.4427554607391357,0.00011655851994873956,0.00011655851994873956,1.8743545524557703e-06,9.781497647054493e-05,nan,0.02071559,1801.0
MS_hard_burgers_n4_gaaf_s1234,WISER Results/Phase 2 Hard Burger/GAAF-PINN/qapinn_runs_hardnu_gaaf/checkpoints/MS_hard_burgers_n4_gaaf_s1234.pt,MS,0.01/pi,burgers,gaaf,4,1234,False,,False,2016,2.521059036254883,0.46764659881591797,0.3631735146045685,0.02191818691790104,0.24846474826335907,nan,nan,nan
MS_hard_burgers_n4_gaaf_s1234_r1,WISER Results/Phase 2 Hard Burger/GAAF-PINN/qapinn_runs_hardnu_gaaf/checkpoints/MS_hard_burgers_n4_gaaf_s1234_r1.pt,MS,0.01/pi,burgers,gaaf,4,1234,True,,False,2016,2.5069003105163574,8.565648749936372e-05,8.565648749936372e-05,7.523088356720109e-07,7.813340198481455e-05,nan,0.004703878,1827.0
MS_hard_burgers_n4_gaaf_s2025,WISER Results/Phase 2 Hard Burger/GAAF-PINN/qapinn_runs_hardnu_gaaf/checkpoints/MS_hard_burgers_n4_gaaf_s2025.pt,MS,0.01/pi,burgers,gaaf,4,2025,False,,False,2016,3.475022554397583,0.46790826320648193,0.4496638774871826,0.021929170936346054,0.2486165463924408,nan,nan,nan
MS_hard_burgers_n4_gaaf_s2025_r1,WISER Results/Phase 2 Hard Burger/GAAF-PINN/qapinn_runs_hardnu_gaaf/checkpoints/MS_hard_burgers_n4_gaaf_s2025_r1.pt,MS,0.01/pi,burgers,gaaf,4,2025,True,,False,2016,6.453686237335205,0.002437242306768894,0.002437242306768894,5.0918875786010176e-05,0.0019280535634607077,nan,0.04619087,1827.0
MS_hard_burgers_n4_gaaf_s777,WISER Results/Phase 2 Hard Burger/GAAF-PINN/qapinn_runs_hardnu_gaaf/checkpoints/MS_hard_burgers_n4_gaaf_s777.pt,MS,0.01/pi,burgers,gaaf,4,777,False,,False,2016,9.054924011230469,2.438525915145874,0.4538537859916687,0.24385260045528412,2.2060165059177365e-19,nan,nan,nan
MS_hard_burgers_n4_gaaf_s777_r1,WISER Results/Phase 2 Hard Burger/GAAF-PINN/qapinn_runs_hardnu_gaaf/checkpoints/MS_hard_burgers_n4_gaaf_s777_r1.pt,MS,0.01/pi,burgers,gaaf,4,777,True,,False,2016,3.469235897064209,6.667120760539547e-05,6.667120760539547e-05,6.848201223874639e-07,5.982300717732869e-05,nan,0.009241683,1827.0
MS_hard_burgers_n5_gaaf_s1234,WISER Results/Phase 2 Hard Burger/GAAF-PINN/qapinn_runs_hardnu_gaaf/checkpoints/MS_hard_burgers_n5_gaaf_s1234.pt,MS,0.01/pi,burgers,gaaf,5,1234,False,,False,2016,2.986018657684326,0.00016680877888575196,0.00016680877888575196,1.884442554000998e-06,0.00014796435425523669,nan,0.02676422,1853.0
MS_hard_burgers_n5_gaaf_s2025,WISER Results/Phase 2 Hard Burger/GAAF-PINN/qapinn_runs_hardnu_gaaf/checkpoints/MS_hard_burgers_n5_gaaf_s2025.pt,MS,0.01/pi,burgers,gaaf,5,2025,False,,False,2016,3.5152759552001953,0.016080103814601898,0.016080103814601898,0.0004155908536631614,0.011924195103347301,nan,0.2872913,1853.0
MS_hard_burgers_n5_gaaf_s777,WISER Results/Phase 2 Hard Burger/GAAF-PINN/qapinn_runs_hardnu_gaaf/checkpoints/MS_hard_burgers_n5_gaaf_s777.pt,MS,0.01/pi,burgers,gaaf,5,777,False,,False,2016,1.989587426185608,0.006837996654212475,0.006837996654212475,0.00015266804257407784,0.005311316344887018,nan,0.07712665,1853.0
MS_hard_burgers_n6_gaaf_s1234,WISER Results/Phase 2 Hard Burger/GAAF-PINN/qapinn_runs_hardnu_gaaf/checkpoints/MS_hard_burgers_n6_gaaf_s1234.pt,MS,0.01/pi,burgers,gaaf,6,1234,False,,False,2016,2.026813507080078,0.005527795292437077,0.005527795292437077,8.273129060398787e-05,0.004700482357293367,nan,0.07726974,1879.0
MS_hard_burgers_n6_gaaf_s2025,WISER Results/Phase 2 Hard Burger/GAAF-PINN/qapinn_runs_hardnu_gaaf/checkpoints/MS_hard_burgers_n6_gaaf_s2025.pt,MS,0.01/pi,burgers,gaaf,6,2025,False,,False,2016,4.440781593322754,0.00026625191094353795,0.00026625191094353795,5.3641047088603955e-06,0.0002126108593074605,nan,0.0910829,1879.0
MS_hard_burgers_n6_gaaf_s777,WISER Results/Phase 2 Hard Burger/GAAF-PINN/qapinn_runs_hardnu_gaaf/checkpoints/MS_hard_burgers_n6_gaaf_s777.pt,MS,0.01/pi,burgers,gaaf,6,777,False,,False,2016,2.0467991828918457,0.0009815285447984934,0.0009815285447984934,1.2227419574628584e-05,0.0008592543890699744,nan,0.0658471,1879.0
MS_hard_burgers_n7_gaaf_s1234,WISER Results/Phase 2 Hard Burger/GAAF-PINN/qapinn_runs_hardnu_gaaf/checkpoints/MS_hard_burgers_n7_gaaf_s1234.pt,MS,0.01/pi,burgers,gaaf,7,1234,False,,False,2016,5.583352088928223,0.0025486238300800323,0.0025486238300800323,4.1271730879088864e-05,0.0021359066013246775,nan,0.07456786,1905.0
MS_hard_burgers_n7_gaaf_s2025,WISER Results/Phase 2 Hard Burger/GAAF-PINN/qapinn_runs_hardnu_gaaf/checkpoints/MS_hard_burgers_n7_gaaf_s2025.pt,MS,0.01/pi,burgers,gaaf,7,2025,False,,False,2016,1.7500966787338257,0.007606659550219774,0.007606659550219774,0.0001289334468310699,0.006317324936389923,nan,0.09694402,1905.0
MS_hard_burgers_n7_gaaf_s777,WISER Results/Phase 2 Hard Burger/GAAF-PINN/qapinn_runs_hardnu_gaaf/checkpoints/MS_hard_burgers_n7_gaaf_s777.pt,MS,0.01/pi,burgers,gaaf,7,777,False,,False,2016,13.281122207641602,0.011586658656597137,0.011586658656597137,0.00028711307095363736,0.008715528063476086,nan,0.1977942,1905.0
MS_hard_burgers_n8_gaaf_s1234,WISER Results/Phase 2 Hard Burger/GAAF-PINN/qapinn_runs_hardnu_gaaf/checkpoints/MS_hard_burgers_n8_gaaf_s1234.pt,MS,0.01/pi,burgers,gaaf,8,1234,False,,False,2016,1.9534605741500854,0.00021074087999295443,0.00021074087999295443,2.971423100461834e-06,0.00018102665490005165,nan,0.009368587,1931.0
MS_hard_burgers_n8_gaaf_s2025,WISER Results/Phase 2 Hard Burger/GAAF-PINN/qapinn_runs_hardnu_gaaf/checkpoints/MS_hard_burgers_n8_gaaf_s2025.pt,MS,0.01/pi,burgers,gaaf,8,2025,False,,False,2016,3.4684407711029053,0.00696907052770257,0.00696907052770257,0.00015033112140372396,0.005465759430080652,nan,0.1475599,1931.0
MS_hard_burgers_n8_gaaf_s777,WISER Results/Phase 2 Hard Burger/GAAF-PINN/qapinn_runs_hardnu_gaaf/checkpoints/MS_hard_burgers_n8_gaaf_s777.pt,MS,0.01/pi,burgers,gaaf,8,777,False,,False,2016,3.4688971042633057,0.017865752801299095,0.017865752801299095,0.00045950201456435025,0.013270732015371323,nan,0.1662358,1931.0
MS_hard_burgers_n3_twin_s1234,WISER Results/Phase 2 Hard Burger/c-PINN/qapinn_runs_hardnu_twin/checkpoints/MS_hard_burgers_n3_twin_s1234.pt,MS,0.01/pi,burgers,twin,3,1234,False,,False,2016,2.679185152053833,0.0006454524118453264,0.0006454524118453264,6.592073077626992e-06,0.0005795316537842155,nan,0.02043364,1801.0
MS_hard_burgers_n3_twin_s2025,WISER Results/Phase 2 Hard Burger/c-PINN/qapinn_runs_hardnu_twin/checkpoints/MS_hard_burgers_n3_twin_s2025.pt,MS,0.01/pi,burgers,twin,3,2025,False,,False,2016,2.0159964561462402,0.0001605745783308521,0.0001605745783308521,1.5492786360482569e-06,0.00014508179447147995,nan,0.008740495,1801.0
MS_hard_burgers_n3_twin_s777,WISER Results/Phase 2 Hard Burger/c-PINN/qapinn_runs_hardnu_twin/checkpoints/MS_hard_burgers_n3_twin_s777.pt,MS,0.01/pi,burgers,twin,3,777,False,,False,2016,3.4427554607391357,0.00033649857505224645,0.00033649857505224645,5.9986191445204895e-06,0.00027651237905956805,nan,0.01097449,1801.0
MS_hard_burgers_n4_twin_s1234,WISER Results/Phase 2 Hard Burger/c-PINN/qapinn_runs_hardnu_twin/checkpoints/MS_hard_burgers_n4_twin_s1234.pt,MS,0.01/pi,burgers,twin,4,1234,False,,False,2016,2.521059036254883,0.002387852407991886,0.002387852407991886,3.8382211641874164e-05,0.002004030393436551,nan,0.09329938,1827.0
MS_hard_burgers_n4_twin_s2025,WISER Results/Phase 2 Hard Burger/c-PINN/qapinn_runs_hardnu_twin/checkpoints/MS_hard_burgers_n4_twin_s2025.pt,MS,0.01/pi,burgers,twin,4,2025,False,,False,2016,3.475022554397583,0.0014938362874090672,0.0014938362874090672,1.5540386812062934e-05,0.0013384324265643954,nan,0.03674185,1827.0
MS_hard_burgers_n4_twin_s777,WISER Results/Phase 2 Hard Burger/c-PINN/qapinn_runs_hardnu_twin/checkpoints/MS_hard_burgers_n4_twin_s777.pt,MS,0.01/pi,burgers,twin,4,777,False,,False,2016,9.054924011230469,0.00025455368449911475,0.00025455368449911475,2.6510831503401278e-06,0.00022804285981692374,nan,0.005770562,1827.0
MS_hard_burgers_n5_twin_s1234,WISER Results/Phase 2 Hard Burger/c-PINN/qapinn_runs_hardnu_twin/checkpoints/MS_hard_burgers_n5_twin_s1234.pt,MS,0.01/pi,burgers,twin,5,1234,False,,False,2016,2.986018657684326,0.0025459108874201775,0.0025459108874201775,2.898123966588173e-05,0.002256098436191678,nan,0.5826507,1853.0
MS_hard_burgers_n5_twin_s2025,WISER Results/Phase 2 Hard Burger/c-PINN/qapinn_runs_hardnu_twin/checkpoints/MS_hard_burgers_n5_twin_s2025.pt,MS,0.01/pi,burgers,twin,5,2025,False,,False,2016,3.5152759552001953,0.0002122966106981039,0.0002122966106981039,3.3311816878267564e-06,0.00017898478836286813,nan,0.01073502,1853.0
MS_hard_burgers_n5_twin_s777,WISER Results/Phase 2 Hard Burger/c-PINN/qapinn_runs_hardnu_twin/checkpoints/MS_hard_burgers_n5_twin_s777.pt,MS,0.01/pi,burgers,twin,5,777,False,,False,2016,1.989587426185608,3.885248224833049e-05,3.885248224833049e-05,3.8547503322661214e-07,3.499773083603941e-05,nan,0.001927371,1853.0
MS_hard_burgers_n6_twin_s1234,WISER Results/Phase 2 Hard Burger/c-PINN/qapinn_runs_hardnu_twin/checkpoints/MS_hard_burgers_n6_twin_s1234.pt,MS,0.01/pi,burgers,twin,6,1234,False,,False,2016,2.026813507080078,5.44569302292075e-05,5.44569302292075e-05,3.627722264809563e-07,5.082920688437298e-05,nan,0.005695397,1879.0
MS_hard_burgers_n6_twin_s2025,WISER Results/Phase 2 Hard Burger/c-PINN/qapinn_runs_hardnu_twin/checkpoints/MS_hard_burgers_n6_twin_s2025.pt,MS,0.01/pi,burgers,twin,6,2025,False,,False,2016,4.440781593322754,2.662289625732228e-05,2.662289625732228e-05,1.957534010443851e-07,2.466536170686595e-05,nan,0.006373223,1879.0
MS_hard_burgers_n6_twin_s777,WISER Results/Phase 2 Hard Burger/c-PINN/qapinn_runs_hardnu_twin/checkpoints/MS_hard_burgers_n6_twin_s777.pt,MS,0.01/pi,burgers,twin,6,777,False,,False,2016,2.0467991828918457,0.0001103262766264379,0.0001103262766264379,9.413587349627051e-07,0.00010091268632095307,nan,0.005045649,1879.0
MS_hard_burgers_n7_twin_s1234,WISER Results/Phase 2 Hard Burger/c-PINN/qapinn_runs_hardnu_twin/checkpoints/MS_hard_burgers_n7_twin_s1234.pt,MS,0.01/pi,burgers,twin,7,1234,False,,False,2016,5.583352088928223,4.803968113265e-05,4.803968113265e-05,3.4017961070276215e-07,4.463788354769349e-05,nan,0.004176404,1905.0
MS_hard_burgers_n7_twin_s2025,WISER Results/Phase 2 Hard Burger/c-PINN/qapinn_runs_hardnu_twin/checkpoints/MS_hard_burgers_n7_twin_s2025.pt,MS,0.01/pi,burgers,twin,7,2025,False,,False,2016,1.7500966787338257,0.023023243993520737,0.023023243993520737,0.0005281079793348908,0.017742164433002472,nan,0.1934996,1905.0
MS_hard_burgers_n7_twin_s777,WISER Results/Phase 2 Hard Burger/c-PINN/qapinn_runs_hardnu_twin/checkpoints/MS_hard_burgers_n7_twin_s777.pt,MS,0.01/pi,burgers,twin,7,777,False,,False,2016,13.281122207641602,9.114271961152554e-05,9.114271961152554e-05,6.85038571646146e-07,8.42923327581957e-05,nan,0.0120027,1905.0
MS_hard_burgers_n8_twin_s1234,WISER Results/Phase 2 Hard Burger/c-PINN/qapinn_runs_hardnu_twin/checkpoints/MS_hard_burgers_n8_twin_s1234.pt,MS,0.01/pi,burgers,twin,8,1234,False,,False,2016,1.9534605741500854,3.7700418033637106e-05,3.7700418033637106e-05,2.462746522269299e-07,3.5237670090282336e-05,nan,0.0102438,1931.0
MS_hard_burgers_n8_twin_s2025,WISER Results/Phase 2 Hard Burger/c-PINN/qapinn_runs_hardnu_twin/checkpoints/MS_hard_burgers_n8_twin_s2025.pt,MS,0.01/pi,burgers,twin,8,2025,False,,False,2016,3.4684407711029053,4.492752850637771e-05,4.492752850637771e-05,3.4937190207529056e-07,4.1433810110902414e-05,nan,0.01711294,1931.0
MS_hard_burgers_n8_twin_s777,WISER Results/Phase 2 Hard Burger/c-PINN/qapinn_runs_hardnu_twin/checkpoints/MS_hard_burgers_n8_twin_s777.pt,MS,0.01/pi,burgers,twin,8,777,False,,False,2016,3.4688971042633057,5.834416879224591e-05,5.834416879224591e-05,9.827854228205979e-07,4.851631456403993e-05,nan,0.05594042,1931.0
MS_burgers_n3_gaaf_s1234,WISER Results/Phase 2/Djabon Phase 2/Additionnal computations/GAAF-PINN/qapinn_runs_gaaf/checkpoints/MS_burgers_n3_gaaf_s1234.pt,MS,0.05,burgers,gaaf,3,1234,False,,False,1005,2.4243688583374023,0.37665683031082153,0.37665683031082153,0.01933426782488823,0.18331414461135864,nan,nan,nan
MS_burgers_n3_gaaf_s1234_r1,WISER Results/Phase 2/Djabon Phase 2/Additionnal computations/GAAF-PINN/qapinn_runs_gaaf/checkpoints/MS_burgers_n3_gaaf_s1234_r1.pt,MS,0.05,burgers,gaaf,3,1234,True,,False,1005,2.374971389770508,0.37628960609436035,0.37628960609436035,0.019127143546938896,0.18501818180084229,nan,0.3281637,1801.0
MS_burgers_n3_gaaf_s2025,WISER Results/Phase 2/Djabon Phase 2/Additionnal computations/GAAF-PINN/qapinn_runs_gaaf/checkpoints/MS_burgers_n3_gaaf_s2025.pt,MS,0.05,burgers,gaaf,3,2025,False,,False,1005,2.0175650119781494,2.1518206267501228e-05,2.1518206267501228e-05,2.247790860110399e-07,1.9270415577921085e-05,nan,0.001220411,1801.0
MS_burgers_n3_gaaf_s777,WISER Results/Phase 2/Djabon Phase 2/Additionnal computations/GAAF-PINN/qapinn_runs_gaaf/checkpoints/MS_burgers_n3_gaaf_s777.pt,MS,0.05,burgers,gaaf,3,777,False,,False,1005,3.430387020111084,2.7182317353435792e-05,2.7182317353435792e-05,1.588738030022796e-07,2.5593579266569577e-05,nan,0.001530173,1801.0
MS_burgers_n3_twin_s1234,WISER Results/Phase 2/Djabon Phase 2/Additionnal computations/GAAF-PINN/qapinn_runs_gaaf/checkpoints/MS_burgers_n3_twin_s1234.pt,MS,0.05,burgers,twin,3,1234,False,,False,1005,2.4243688583374023,0.37738946080207825,0.37738946080207825,0.019312314689159393,0.18426631391048431,nan,0.3421912,1801.0
MS_burgers_n3_twin_s1234_r1,WISER Results/Phase 2/Djabon Phase 2/Additionnal computations/GAAF-PINN/qapinn_runs_gaaf/checkpoints/MS_burgers_n3_twin_s1234_r1.pt,MS,0.05,burgers,twin,3,1234,True,,False,1005,2.374971389770508,0.0025222962722182274,0.0025222962722182274,2.7311241865390912e-05,0.0022491838317364454,nan,0.01360008,1801.0
MS_burgers_n3_twin_s2025,WISER Results/Phase 2/Djabon Phase 2/Additionnal computations/GAAF-PINN/qapinn_runs_gaaf/checkpoints/MS_burgers_n3_twin_s2025.pt,MS,0.05,burgers,twin,3,2025,False,,False,1005,2.0175650119781494,1.7657726857578382e-05,1.7657726857578382e-05,1.8609748053677322e-07,1.579675154061988e-05,nan,0.0008756495,1801.0
MS_burgers_n3_twin_s777,WISER Results/Phase 2/Djabon Phase 2/Additionnal computations/GAAF-PINN/qapinn_runs_gaaf/checkpoints/MS_burgers_n3_twin_s777.pt,MS,0.05,burgers,twin,3,777,False,,False,1005,3.430387020111084,4.323907705838792e-05,4.323907705838792e-05,5.150807851350692e-07,3.808827023021877e-05,nan,0.002119294,1801.0
MS_burgers_n4_gaaf_s1234,WISER Results/Phase 2/Djabon Phase 2/Additionnal computations/GAAF-PINN/qapinn_runs_gaaf/checkpoints/MS_burgers_n4_gaaf_s1234.pt,MS,0.05,burgers,gaaf,4,1234,False,,False,1005,2.5203793048858643,0.37815046310424805,0.37815046310424805,0.01943560689687729,0.18379440903663635,nan,nan,nan
MS_burgers_n4_gaaf_s1234_r1,WISER Results/Phase 2/Djabon Phase 2/Additionnal computations/GAAF-PINN/qapinn_runs_gaaf/checkpoints/MS_burgers_n4_gaaf_s1234_r1.pt,MS,0.05,burgers,gaaf,4,1234,True,,False,1005,2.503690242767334,2.2158654246595688e-05,2.2158654246595688e-05,2.0659059885019815e-07,2.0092747945454903e-05,nan,0.0009464618,1827.0
MS_burgers_n4_gaaf_s2025,WISER Results/Phase 2/Djabon Phase 2/Additionnal computations/GAAF-PINN/qapinn_runs_gaaf/checkpoints/MS_burgers_n4_gaaf_s2025.pt,MS,0.05,burgers,gaaf,4,2025,False,,False,1005,3.4036102294921875,0.3815934360027313,0.3815934360027313,0.019286513328552246,0.18872830271720886,nan,nan,nan
MS_burgers_n4_gaaf_s2025_r1,WISER Results/Phase 2/Djabon Phase 2/Additionnal computations/GAAF-PINN/qapinn_runs_gaaf/checkpoints/MS_burgers_n4_gaaf_s2025_r1.pt,MS,0.05,burgers,gaaf,4,2025,True,,False,1005,6.12370491027832,1.8182086932938546e-05,1.8182086932938546e-05,1.9721940702766005e-07,1.620989314687904e-05,nan,0.0008378243,1827.0
MS_burgers_n4_gaaf_s777,WISER Results/Phase 2/Djabon Phase 2/Additionnal computations/GAAF-PINN/qapinn_runs_gaaf/checkpoints/MS_burgers_n4_gaaf_s777.pt,MS,0.05,burgers,gaaf,4,777,False,,False,1005,9.098414421081543,0.37674933671951294,0.37674933671951294,0.019198620691895485,0.18476314842700958,nan,nan,nan
MS_burgers_n4_gaaf_s777_r1,WISER Results/Phase 2/Djabon Phase 2/Additionnal computations/GAAF-PINN/qapinn_runs_gaaf/checkpoints/MS_burgers_n4_gaaf_s777_r1.pt,MS,0.05,burgers,gaaf,4,777,True,,False,1005,3.3910651206970215,1.7596350517123938e-05,1.7596350517123938e-05,1.7066490443085058e-07,1.5889701899141073e-05,nan,0.00148488,1827.0
MS_burgers_n4_twin_s1234,WISER Results/Phase 2/Djabon Phase 2/Additionnal computations/GAAF-PINN/qapinn_runs_gaaf/checkpoints/MS_burgers_n4_twin_s1234.pt,MS,0.05,burgers,twin,4,1234,False,,False,1005,2.5203793048858643,3.53770301444456e-05,3.53770301444456e-05,4.46180166591148e-07,3.091522739850916e-05,nan,0.001031449,1827.0
MS_burgers_n4_twin_s2025,WISER Results/Phase 2/Djabon Phase 2/Additionnal computations/GAAF-PINN/qapinn_runs_gaaf/checkpoints/MS_burgers_n4_twin_s2025.pt,MS,0.05,burgers,twin,4,2025,False,,False,1005,3.4036102294921875,0.006590989418327808,0.006590989418327808,0.00013294356176629663,0.005261553917080164,nan,0.02247455,1827.0
MS_burgers_n4_twin_s777,WISER Results/Phase 2/Djabon Phase 2/Additionnal computations/GAAF-PINN/qapinn_runs_gaaf/checkpoints/MS_burgers_n4_twin_s777.pt,MS,0.05,burgers,twin,4,777,False,,False,1005,9.098414421081543,0.007426936645060778,0.007426936645060778,0.0001306497142650187,0.0061204396188259125,nan,0.02376678,1827.0
MS_burgers_n5_gaaf_s1234,WISER Results/Phase 2/Djabon Phase 2/Additionnal computations/GAAF-PINN/qapinn_runs_gaaf/checkpoints/MS_burgers_n5_gaaf_s1234.pt,MS,0.05,burgers,gaaf,5,1234,False,,False,1005,2.5508084297180176,1.8917391571449116e-05,1.8917391571449116e-05,1.4238413825751195e-07,1.7493550330982544e-05,nan,0.001351651,1853.0
MS_burgers_n5_gaaf_s2025,WISER Results/Phase 2/Djabon Phase 2/Additionnal computations/GAAF-PINN/qapinn_runs_gaaf/checkpoints/MS_burgers_n5_gaaf_s2025.pt,MS,0.05,burgers,gaaf,5,2025,False,,False,1005,3.5806996822357178,2.3865915864007547e-05,2.3865915864007547e-05,1.9498800440942432e-07,2.1916035620961338e-05,nan,0.001767103,1853.0
MS_burgers_n5_gaaf_s777,WISER Results/Phase 2/Djabon Phase 2/Additionnal computations/GAAF-PINN/qapinn_runs_gaaf/checkpoints/MS_burgers_n5_gaaf_s777.pt,MS,0.05,burgers,gaaf,5,777,False,,False,1005,1.9329802989959717,5.507274909177795e-05,5.507274909177795e-05,6.172832627271418e-07,4.889991760137491e-05,nan,0.003332533,1853.0
MS_burgers_n5_twin_s1234,WISER Results/Phase 2/Djabon Phase 2/Additionnal computations/GAAF-PINN/qapinn_runs_gaaf/checkpoints/MS_burgers_n5_twin_s1234.pt,MS,0.05,burgers,twin,5,1234,False,,False,1005,2.5508084297180176,3.7223693652777e-05,3.7223693652777e-05,3.3753525485735736e-07,3.384834053576924e-05,nan,0.001378518,1853.0
MS_burgers_n5_twin_s2025,WISER Results/Phase 2/Djabon Phase 2/Additionnal computations/GAAF-PINN/qapinn_runs_gaaf/checkpoints/MS_burgers_n5_twin_s2025.pt,MS,0.05,burgers,twin,5,2025,False,,False,1005,3.5806996822357178,1.764052467478905e-05,1.764052467478905e-05,1.4823508820427378e-07,1.615817382116802e-05,nan,0.0009463712,1853.0
MS_burgers_n5_twin_s777,WISER Results/Phase 2/Djabon Phase 2/Additionnal computations/GAAF-PINN/qapinn_runs_gaaf/checkpoints/MS_burgers_n5_twin_s777.pt,MS,0.05,burgers,twin,5,777,False,,False,1005,1.9329802989959717,1.998900006583426e-05,1.998900006583426e-05,1.612209956647348e-07,1.837678973970469e-05,nan,0.0009501305,1853.0
MS_burgers_n6_gaaf_s1234,WISER Results/Phase 2/Djabon Phase 2/Additionnal computations/GAAF-PINN/qapinn_runs_gaaf/checkpoints/MS_burgers_n6_gaaf_s1234.pt,MS,0.05,burgers,gaaf,6,1234,False,,False,1005,2.0001113414764404,6.75887567922473e-05,6.75887567922473e-05,1.339398295385763e-06,5.4194773838389665e-05,nan,0.001523319,1879.0
MS_burgers_n6_gaaf_s2025,WISER Results/Phase 2/Djabon Phase 2/Additionnal computations/GAAF-PINN/qapinn_runs_gaaf/checkpoints/MS_burgers_n6_gaaf_s2025.pt,MS,0.05,burgers,gaaf,6,2025,False,,False,1005,3.864915132522583,4.05567952839192e-05,4.05567952839192e-05,5.843239136993361e-07,3.4713557397481054e-05,nan,0.001501833,1879.0
MS_burgers_n6_gaaf_s777,WISER Results/Phase 2/Djabon Phase 2/Additionnal computations/GAAF-PINN/qapinn_runs_gaaf/checkpoints/MS_burgers_n6_gaaf_s777.pt,MS,0.05,burgers,gaaf,6,777,False,,False,1005,2.018728733062744,1.6885078366613016e-05,1.6885078366613016e-05,1.0539883987803478e-07,1.583109042258002e-05,nan,0.0005551658,1879.0
MS_burgers_n6_twin_s1234,WISER Results/Phase 2/Djabon Phase 2/Additionnal computations/GAAF-PINN/qapinn_runs_gaaf/checkpoints/MS_burgers_n6_twin_s1234.pt,MS,0.05,burgers,twin,6,1234,False,,False,1005,2.0001113414764404,2.06861732294783e-05,2.06861732294783e-05,9.311797555255907e-08,1.97549943550257e-05,nan,0.0007929871,1879.0
MS_burgers_n6_twin_s2025,WISER Results/Phase 2/Djabon Phase 2/Additionnal computations/GAAF-PINN/qapinn_runs_gaaf/checkpoints/MS_burgers_n6_twin_s2025.pt,MS,0.05,burgers,twin,6,2025,False,,False,1005,3.864915132522583,2.2107975382823497e-05,2.2107975382823497e-05,4.984930797036213e-07,1.7123044017353095e-05,nan,0.001305197,1879.0
MS_burgers_n6_twin_s777,WISER Results/Phase 2/Djabon Phase 2/Additionnal computations/GAAF-PINN/qapinn_runs_gaaf/checkpoints/MS_burgers_n6_twin_s777.pt,MS,0.05,burgers,twin,6,777,False,,False,1005,2.018728733062744,2.9572154744528234e-05,2.9572154744528234e-05,2.71117670536114e-07,2.6860978323384188e-05,nan,0.001548559,1879.0
MS_burgers_n7_gaaf_s1234,WISER Results/Phase 2/Djabon Phase 2/Additionnal computations/GAAF-PINN/qapinn_runs_gaaf/checkpoints/MS_burgers_n7_gaaf_s1234.pt,MS,0.05,burgers,gaaf,7,1234,False,,False,1005,5.261765956878662,2.0692417820100673e-05,2.0692417820100673e-05,1.85147882802994e-07,1.8840939446818084e-05,nan,0.001179761,1905.0
MS_burgers_n7_gaaf_s2025,WISER Results/Phase 2/Djabon Phase 2/Additionnal computations/GAAF-PINN/qapinn_runs_gaaf/checkpoints/MS_burgers_n7_gaaf_s2025.pt,MS,0.05,burgers,gaaf,7,2025,False,,False,1005,1.6122303009033203,1.744321343721822e-05,1.744321343721822e-05,2.1456911269979173e-07,1.5297522622859105e-05,nan,0.002312169,1905.0
MS_burgers_n7_gaaf_s777,WISER Results/Phase 2/Djabon Phase 2/Additionnal computations/GAAF-PINN/qapinn_runs_gaaf/checkpoints/MS_burgers_n7_gaaf_s777.pt,MS,0.05,burgers,gaaf,7,777,False,,False,1005,12.79354476928711,3.4103068173862994e-05,3.4103068173862994e-05,5.685390647158783e-07,2.841767854988575e-05,nan,0.00120744,1905.0
MS_burgers_n7_twin_s1234,WISER Results/Phase 2/Djabon Phase 2/Additionnal computations/GAAF-PINN/qapinn_runs_gaaf/checkpoints/MS_burgers_n7_twin_s1234.pt,MS,0.05,burgers,twin,7,1234,False,,False,1005,5.261765956878662,2.7124524422106333e-05,2.7124524422106333e-05,2.687197024897614e-07,2.4437327738269232e-05,nan,0.00143995,1905.0
MS_burgers_n7_twin_s2025,WISER Results/Phase 2/Djabon Phase 2/Additionnal computations/GAAF-PINN/qapinn_runs_gaaf/checkpoints/MS_burgers_n7_twin_s2025.pt,MS,0.05,burgers,twin,7,2025,False,,False,1005,1.6122303009033203,9.836698154686019e-05,9.836698154686019e-05,1.648165721235273e-06,8.188532228814438e-05,nan,0.002823453,1905.0
MS_burgers_n7_twin_s777,WISER Results/Phase 2/Djabon Phase 2/Additionnal computations/GAAF-PINN/qapinn_runs_gaaf/checkpoints/MS_burgers_n7_twin_s777.pt,MS,0.05,burgers,twin,7,777,False,,False,1005,12.79354476928711,1.9620814782683738e-05,1.9620814782683738e-05,2.438158333006868e-07,1.71826559380861e-05,nan,0.001610665,1905.0
MS_burgers_n8_gaaf_s1234,WISER Results/Phase 2/Djabon Phase 2/Additionnal computations/GAAF-PINN/qapinn_runs_gaaf/checkpoints/MS_burgers_n8_gaaf_s1234.pt,MS,0.05,burgers,gaaf,8,1234,False,,False,1005,1.9204931259155273,1.9552098819985986e-05,1.9552098819985986e-05,2.571480877122667e-07,1.6980618966044858e-05,nan,0.001867692,1931.0
MS_burgers_n8_gaaf_s2025,WISER Results/Phase 2/Djabon Phase 2/Additionnal computations/GAAF-PINN/qapinn_runs_gaaf/checkpoints/MS_burgers_n8_gaaf_s2025.pt,MS,0.05,burgers,gaaf,8,2025,False,,False,1005,3.4075331687927246,2.7673137083183974e-05,2.7673137083183974e-05,2.514544803489116e-07,2.515859159757383e-05,nan,0.001062719,1931.0
MS_burgers_n8_gaaf_s777,WISER Results/Phase 2/Djabon Phase 2/Additionnal computations/GAAF-PINN/qapinn_runs_gaaf/checkpoints/MS_burgers_n8_gaaf_s777.pt,MS,0.05,burgers,gaaf,8,777,False,,False,1005,2.887404441833496,2.3578184482175857e-05,2.3578184482175857e-05,1.9114122551400214e-07,2.1666772227035835e-05,nan,0.001087895,1931.0
MS_burgers_n8_twin_s1234,WISER Results/Phase 2/Djabon Phase 2/Additionnal computations/GAAF-PINN/qapinn_runs_gaaf/checkpoints/MS_burgers_n8_twin_s1234.pt,MS,0.05,burgers,twin,8,1234,False,,False,1005,1.9204931259155273,1.8861430362449028e-05,1.8861430362449028e-05,1.5556715027287282e-07,1.7305759683949873e-05,nan,0.0009306283,1931.0
MS_burgers_n8_twin_s2025,WISER Results/Phase 2/Djabon Phase 2/Additionnal computations/GAAF-PINN/qapinn_runs_gaaf/checkpoints/MS_burgers_n8_twin_s2025.pt,MS,0.05,burgers,twin,8,2025,False,,False,1005,3.4075331687927246,8.064813300734386e-06,8.064813300734386e-06,4.288986232836578e-08,7.63591469876701e-06,nan,0.0007058812,1931.0
MS_burgers_n8_twin_s777,WISER Results/Phase 2/Djabon Phase 2/Additionnal computations/GAAF-PINN/qapinn_runs_gaaf/checkpoints/MS_burgers_n8_twin_s777.pt,MS,0.05,burgers,twin,8,777,False,,False,1005,2.887404441833496,2.7772386602009647e-05,2.7772386602009647e-05,2.9033384407739504e-07,2.486904850229621e-05,nan,0.0009318204,1931.0
MS_heat_n3_gaaf_s1234,WISER Results/Phase 2/Djabon Phase 2/Additionnal computations/GAAF-PINN/qapinn_runs_gaaf/checkpoints/MS_heat_n3_gaaf_s1234.pt,MS,0.05,heat,gaaf,3,1234,False,,False,1005,8.825387001037598,0.00012325446004979312,0.00012325446004979312,2.7521216452441877e-06,9.57332449615933e-05,nan,0.002461118,1801.0
MS_heat_n3_gaaf_s2025,WISER Results/Phase 2/Djabon Phase 2/Additionnal computations/GAAF-PINN/qapinn_runs_gaaf/checkpoints/MS_heat_n3_gaaf_s2025.pt,MS,0.05,heat,gaaf,3,2025,False,,False,1005,3.6722066402435303,1.9764866010518745e-05,1.9764866010518745e-05,2.558307699018769e-07,1.7206559277838096e-05,nan,nan,nan
MS_heat_n3_gaaf_s2025_r1,WISER Results/Phase 2/Djabon Phase 2/Additionnal computations/GAAF-PINN/qapinn_runs_gaaf/checkpoints/MS_heat_n3_gaaf_s2025_r1.pt,MS,0.05,heat,gaaf,3,2025,True,,False,1005,4.289633274078369,0.00013027919339947402,0.00013027919339947402,3.960803041991312e-06,9.06711575225927e-05,nan,0.001938768,1801.0
MS_heat_n3_gaaf_s777,WISER Results/Phase 2/Djabon Phase 2/Additionnal computations/GAAF-PINN/qapinn_runs_gaaf/checkpoints/MS_heat_n3_gaaf_s777.pt,MS,0.05,heat,gaaf,3,777,False,,False,1005,1.8298368453979492,0.00023034620971884578,0.00023034620971884578,7.433971404680051e-06,0.00015600649931002408,nan,nan,nan
MS_heat_n3_gaaf_s777_r1,WISER Results/Phase 2/Djabon Phase 2/Additionnal computations/GAAF-PINN/qapinn_runs_gaaf/checkpoints/MS_heat_n3_gaaf_s777_r1.pt,MS,0.05,heat,gaaf,3,777,True,,False,1005,1.7662527561187744,0.387838214635849,0.387838214635849,0.008377831429243088,0.3040598928928375,nan,0.3873395,1801.0
MS_heat_n3_twin_s1234,WISER Results/Phase 2/Djabon Phase 2/Additionnal computations/GAAF-PINN/qapinn_runs_gaaf/checkpoints/MS_heat_n3_twin_s1234.pt,MS,0.05,heat,twin,3,1234,False,,False,1005,8.825387001037598,3.331632251502015e-05,3.331632251502015e-05,1.649225396249676e-07,3.166709575452842e-05,nan,0.0009358085,1801.0
MS_heat_n3_twin_s2025,WISER Results/Phase 2/Djabon Phase 2/Additionnal computations/GAAF-PINN/qapinn_runs_gaaf/checkpoints/MS_heat_n3_twin_s2025.pt,MS,0.05,heat,twin,3,2025,False,,False,1005,3.6722066402435303,7.144349183363374e-06,7.144349183363374e-06,1.1315180614701603e-07,6.012830908730393e-06,nan,0.0005169646,1801.0
MS_heat_n3_twin_s777,WISER Results/Phase 2/Djabon Phase 2/Additionnal computations/GAAF-PINN/qapinn_runs_gaaf/checkpoints/MS_heat_n3_twin_s777.pt,MS,0.05,heat,twin,3,777,False,,False,1005,1.8298368453979492,6.247700366657227e-05,6.247700366657227e-05,1.9414592316024937e-06,4.306241316953674e-05,nan,0.001427885,1801.0
MS_heat_n4_gaaf_s1234,WISER Results/Phase 2/Djabon Phase 2/Additionnal computations/GAAF-PINN/qapinn_runs_gaaf/checkpoints/MS_heat_n4_gaaf_s1234.pt,MS,0.05,heat,gaaf,4,1234,False,,False,1005,2.4046387672424316,1.634117688809056e-05,1.634117688809056e-05,5.439380856842035e-07,1.0901796485995874e-05,nan,0.0009275964,1827.0
MS_heat_n4_gaaf_s2025,WISER Results/Phase 2/Djabon Phase 2/Additionnal computations/GAAF-PINN/qapinn_runs_gaaf/checkpoints/MS_heat_n4_gaaf_s2025.pt,MS,0.05,heat,gaaf,4,2025,False,,False,1005,2.1719396114349365,0.005101066082715988,0.005101066082715988,5.3174841013969854e-05,0.004569317679852247,nan,0.01549916,1827.0
MS_heat_n4_gaaf_s777,WISER Results/Phase 2/Djabon Phase 2/Additionnal computations/GAAF-PINN/qapinn_runs_gaaf/checkpoints/MS_heat_n4_gaaf_s777.pt,MS,0.05,heat,gaaf,4,777,False,,False,1005,2.8395020961761475,0.38419342041015625,0.38419342041015625,0.008260305039584637,0.30159035325050354,nan,nan,nan
MS_heat_n4_gaaf_s777_r1,WISER Results/Phase 2/Djabon Phase 2/Additionnal computations/GAAF-PINN/qapinn_runs_gaaf/checkpoints/MS_heat_n4_gaaf_s777_r1.pt,MS,0.05,heat,gaaf,4,777,True,,False,1005,1.8812916278839111,1.2115515346522443e-05,1.2115515346522443e-05,2.3724011555259494e-07,9.74311387835769e-06,nan,0.0006068438,1827.0
MS_heat_n4_twin_s1234,WISER Results/Phase 2/Djabon Phase 2/Additionnal computations/GAAF-PINN/qapinn_runs_gaaf/checkpoints/MS_heat_n4_twin_s1234.pt,MS,0.05,heat,twin,4,1234,False,,False,1005,2.4046387672424316,4.2098410631297156e-05,4.2098410631297156e-05,7.5139075761399e-07,3.458450373727828e-05,nan,0.0004385509,1827.0
MS_heat_n4_twin_s1234_r1,WISER Results/Phase 2/Djabon Phase 2/Additionnal computations/GAAF-PINN/qapinn_runs_gaaf/checkpoints/MS_heat_n4_twin_s1234_r1.pt,MS,0.05,heat,twin,4,1234,True,,False,1005,2.480847120285034,2.6511403120821342e-05,2.6511403120821342e-05,6.988790914874699e-07,1.9522611182765104e-05,nan,0.001058695,1827.0
MS_heat_n4_twin_s2025,WISER Results/Phase 2/Djabon Phase 2/Additionnal computations/GAAF-PINN/qapinn_runs_gaaf/checkpoints/MS_heat_n4_twin_s2025.pt,MS,0.05,heat,twin,4,2025,False,,False,1005,2.1719396114349365,0.00012158474419265985,0.00012158474419265985,4.078888196090702e-06,8.079586405074224e-05,nan,0.00280203,1827.0
MS_heat_n4_twin_s777,WISER Results/Phase 2/Djabon Phase 2/Additionnal computations/GAAF-PINN/qapinn_runs_gaaf/checkpoints/MS_heat_n4_twin_s777.pt,MS,0.05,heat,twin,4,777,False,,False,1005,2.8395020961761475,2.8297732569626532e-05,2.8297732569626532e-05,3.7838319144611887e-07,2.45138999162009e-05,nan,0.001133112,1827.0
MS_heat_n5_gaaf_s1234,WISER Results/Phase 2/Djabon Phase 2/Additionnal computations/GAAF-PINN/qapinn_runs_gaaf/checkpoints/MS_heat_n5_gaaf_s1234.pt,MS,0.05,heat,gaaf,5,1234,False,,False,1005,6.912190914154053,7.30665706214495e-05,7.30665706214495e-05,2.1518790163099766e-06,5.1547780458349735e-05,nan,nan,nan
MS_heat_n5_gaaf_s1234_r1,WISER Results/Phase 2/Djabon Phase 2/Additionnal computations/GAAF-PINN/qapinn_runs_gaaf/checkpoints/MS_heat_n5_gaaf_s1234_r1.pt,MS,0.05,heat,gaaf,5,1234,True,,False,1005,3.2653636932373047,0.00011988868209300563,0.00011988868209300563,1.6405916767325834e-06,0.00010348276555305347,nan,0.002265861,1853.0
MS_heat_n5_gaaf_s2025,WISER Results/Phase 2/Djabon Phase 2/Additionnal computations/GAAF-PINN/qapinn_runs_gaaf/checkpoints/MS_heat_n5_gaaf_s2025.pt,MS,0.05,heat,gaaf,5,2025,False,,False,1005,2.0616307258605957,3.5154513170709834e-05,3.5154513170709834e-05,9.917761190081364e-07,2.5236751753254794e-05,nan,nan,nan
MS_heat_n5_gaaf_s2025_r1,WISER Results/Phase 2/Djabon Phase 2/Additionnal computations/GAAF-PINN/qapinn_runs_gaaf/checkpoints/MS_heat_n5_gaaf_s2025_r1.pt,MS,0.05,heat,gaaf,5,2025,True,,False,1005,3.071824073791504,4.486656325752847e-05,4.486656325752847e-05,9.735184676173958e-07,3.513137926347554e-05,nan,0.001286032,1853.0
MS_heat_n5_gaaf_s777,WISER Results/Phase 2/Djabon Phase 2/Additionnal computations/GAAF-PINN/qapinn_runs_gaaf/checkpoints/MS_heat_n5_gaaf_s777.pt,MS,0.05,heat,gaaf,5,777,False,,False,1005,3.606233835220337,6.738558113283943e-06,6.738558113283943e-06,1.2298988849579473e-07,5.508659342012834e-06,nan,0.0005406773,1853.0
MS_heat_n5_twin_s1234,WISER Results/Phase 2/Djabon Phase 2/Additionnal computations/GAAF-PINN/qapinn_runs_gaaf/checkpoints/MS_heat_n5_twin_s1234.pt,MS,0.05,heat,twin,5,1234,False,,False,1005,6.912190914154053,4.943881504004821e-05,4.943881504004821e-05,1.945707026607124e-06,2.998174386448227e-05,nan,0.001492425,1853.0
MS_heat_n5_twin_s2025,WISER Results/Phase 2/Djabon Phase 2/Additionnal computations/GAAF-PINN/qapinn_runs_gaaf/checkpoints/MS_heat_n5_twin_s2025.pt,MS,0.05,heat,twin,5,2025,False,,False,1005,2.0616307258605957,1.3617355762107763e-05,1.3617355762107763e-05,2.7779853439824365e-07,1.0839370588655584e-05,nan,0.0007046722,1853.0
MS_heat_n5_twin_s777,WISER Results/Phase 2/Djabon Phase 2/Additionnal computations/GAAF-PINN/qapinn_runs_gaaf/checkpoints/MS_heat_n5_twin_s777.pt,MS,0.05,heat,twin,5,777,False,,False,1005,3.606233835220337,3.1449104426428676e-05,3.1449104426428676e-05,5.733141392738617e-07,2.5715962692629546e-05,nan,0.00143415,1853.0
MS_heat_n6_gaaf_s1234,WISER Results/Phase 2/Djabon Phase 2/Additionnal computations/GAAF-PINN/qapinn_runs_gaaf/checkpoints/MS_heat_n6_gaaf_s1234.pt,MS,0.05,heat,gaaf,6,1234,False,,False,1005,3.518688201904297,3.498420483083464e-06,3.498420483083464e-06,5.339894215694585e-08,2.9644311325682793e-06,nan,0.0003137229,1879.0
MS_heat_n6_gaaf_s2025,WISER Results/Phase 2/Djabon Phase 2/Additionnal computations/GAAF-PINN/qapinn_runs_gaaf/checkpoints/MS_heat_n6_gaaf_s2025.pt,MS,0.05,heat,gaaf,6,2025,False,,False,1005,7.159261703491211,1.129064094129717e-05,1.129064094129717e-05,2.92508502752753e-07,8.36555591376964e-06,nan,0.000571997,1879.0
MS_heat_n6_gaaf_s777,WISER Results/Phase 2/Djabon Phase 2/Additionnal computations/GAAF-PINN/qapinn_runs_gaaf/checkpoints/MS_heat_n6_gaaf_s777.pt,MS,0.05,heat,gaaf,6,777,False,,False,1005,3.4630544185638428,8.883595000952482e-06,8.883595000952482e-06,1.4619108412716741e-07,7.421683676511748e-06,nan,0.0006558068,1879.0
MS_heat_n6_twin_s1234,WISER Results/Phase 2/Djabon Phase 2/Additionnal computations/GAAF-PINN/qapinn_runs_gaaf/checkpoints/MS_heat_n6_twin_s1234.pt,MS,0.05,heat,twin,6,1234,False,,False,1005,3.518688201904297,1.2057343155902345e-05,1.2057343155902345e-05,2.8956534947610635e-07,9.161689376924187e-06,nan,0.0007349917,1879.0
MS_heat_n6_twin_s2025,WISER Results/Phase 2/Djabon Phase 2/Additionnal computations/GAAF-PINN/qapinn_runs_gaaf/checkpoints/MS_heat_n6_twin_s2025.pt,MS,0.05,heat,twin,6,2025,False,,False,1005,7.159261703491211,5.63689463888295e-05,5.63689463888295e-05,1.353413153992733e-06,4.283481393940747e-05,nan,0.001270121,1879.0
MS_heat_n6_twin_s777,WISER Results/Phase 2/Djabon Phase 2/Additionnal computations/GAAF-PINN/qapinn_runs_gaaf/checkpoints/MS_heat_n6_twin_s777.pt,MS,0.05,heat,twin,6,777,False,,False,1005,3.4630544185638428,2.1797801309730858e-05,2.1797801309730858e-05,3.1651288168177416e-07,1.8632672436069697e-05,nan,0.0009778289,1879.0
MS_heat_n6_twin_s777_r1,WISER Results/Phase 2/Djabon Phase 2/Additionnal computations/GAAF-PINN/qapinn_runs_gaaf/checkpoints/MS_heat_n6_twin_s777_r1.pt,MS,0.05,heat,twin,6,777,True,,False,1005,3.802370071411133,1.3196146937843878e-05,1.3196146937843878e-05,3.408383122405212e-07,9.787763701751828e-06,nan,0.0005251644,1879.0
MS_heat_n7_gaaf_s1234,WISER Results/Phase 2/Djabon Phase 2/Additionnal computations/GAAF-PINN/qapinn_runs_gaaf/checkpoints/MS_heat_n7_gaaf_s1234.pt,MS,0.05,heat,gaaf,7,1234,False,,False,1005,1.9094197750091553,2.451061300234869e-05,2.451061300234869e-05,3.576390383841499e-07,2.0934223357471637e-05,nan,nan,nan
MS_heat_n7_gaaf_s1234_r1,WISER Results/Phase 2/Djabon Phase 2/Additionnal computations/GAAF-PINN/qapinn_runs_gaaf/checkpoints/MS_heat_n7_gaaf_s1234_r1.pt,MS,0.05,heat,gaaf,7,1234,True,,False,1005,3.0164294242858887,1.8790127796819434e-05,1.8790127796819434e-05,3.6351505627862934e-07,1.5154977518250234e-05,nan,0.0006562576,1905.0
MS_heat_n7_gaaf_s2025,WISER Results/Phase 2/Djabon Phase 2/Additionnal computations/GAAF-PINN/qapinn_runs_gaaf/checkpoints/MS_heat_n7_gaaf_s2025.pt,MS,0.05,heat,gaaf,7,2025,False,,False,1005,6.013319492340088,3.7797952245455235e-05,3.7797952245455235e-05,1.2995127463000244e-06,2.480282637407072e-05,nan,0.001247739,1905.0
MS_heat_n7_gaaf_s777,WISER Results/Phase 2/Djabon Phase 2/Additionnal computations/GAAF-PINN/qapinn_runs_gaaf/checkpoints/MS_heat_n7_gaaf_s777.pt,MS,0.05,heat,gaaf,7,777,False,,False,1005,4.249906063079834,3.430921788094565e-05,3.430921788094565e-05,4.937889457323763e-07,2.9371329219429754e-05,nan,nan,nan
MS_heat_n7_gaaf_s777_r1,WISER Results/Phase 2/Djabon Phase 2/Additionnal computations/GAAF-PINN/qapinn_runs_gaaf/checkpoints/MS_heat_n7_gaaf_s777_r1.pt,MS,0.05,heat,gaaf,7,777,True,,False,1005,2.9961376190185547,3.7903504562564194e-05,3.7903504562564194e-05,1.115183067668113e-06,2.675167161214631e-05,nan,0.001174482,1905.0
MS_heat_n7_twin_s1234,WISER Results/Phase 2/Djabon Phase 2/Additionnal computations/GAAF-PINN/qapinn_runs_gaaf/checkpoints/MS_heat_n7_twin_s1234.pt,MS,0.05,heat,twin,7,1234,False,,False,1005,1.9094197750091553,2.4054454115685076e-05,2.4054454115685076e-05,4.3273035998936393e-07,1.9727151084225625e-05,nan,0.0009850836,1905.0
MS_heat_n7_twin_s2025,WISER Results/Phase 2/Djabon Phase 2/Additionnal computations/GAAF-PINN/qapinn_runs_gaaf/checkpoints/MS_heat_n7_twin_s2025.pt,MS,0.05,heat,twin,7,2025,False,,False,1005,6.013319492340088,0.0023880882654339075,0.0023880882654339075,5.1399623771430925e-05,0.0018740920349955559,nan,0.01293433,1905.0
MS_heat_n7_twin_s777,WISER Results/Phase 2/Djabon Phase 2/Additionnal computations/GAAF-PINN/qapinn_runs_gaaf/checkpoints/MS_heat_n7_twin_s777.pt,MS,0.05,heat,twin,7,777,False,,False,1005,4.249906063079834,4.672996874433011e-05,4.672996874433011e-05,1.1524365390869207e-06,3.520560494507663e-05,nan,0.001630183,1905.0
MS_heat_n7_twin_s777_r1,WISER Results/Phase 2/Djabon Phase 2/Additionnal computations/GAAF-PINN/qapinn_runs_gaaf/checkpoints/MS_heat_n7_twin_s777_r1.pt,MS,0.05,heat,twin,7,777,True,,False,1005,2.9961376190185547,3.739915700862184e-05,3.739915700862184e-05,1.0965403589580092e-06,2.6433754101162776e-05,nan,0.001083546,1905.0
MS_heat_n8_gaaf_s1234,WISER Results/Phase 2/Djabon Phase 2/Additionnal computations/GAAF-PINN/qapinn_runs_gaaf/checkpoints/MS_heat_n8_gaaf_s1234.pt,MS,0.05,heat,gaaf,8,1234,False,,False,1005,3.3671956062316895,1.716734368528705e-05,1.716734368528705e-05,5.978083663649159e-07,1.1189259566890541e-05,nan,0.001008754,1931.0
MS_heat_n8_gaaf_s2025,WISER Results/Phase 2/Djabon Phase 2/Additionnal computations/GAAF-PINN/qapinn_runs_gaaf/checkpoints/MS_heat_n8_gaaf_s2025.pt,MS,0.05,heat,gaaf,8,2025,False,,False,1005,1.9383280277252197,4.6416298573603854e-05,4.6416298573603854e-05,8.936261224334885e-07,3.7480036553461105e-05,nan,nan,nan
MS_heat_n8_gaaf_s2025_r1,WISER Results/Phase 2/Djabon Phase 2/Additionnal computations/GAAF-PINN/qapinn_runs_gaaf/checkpoints/MS_heat_n8_gaaf_s2025_r1.pt,MS,0.05,heat,gaaf,8,2025,True,,False,1005,4.543789863586426,3.911122621502727e-05,3.911122621502727e-05,1.7126988041127333e-06,2.198423862864729e-05,nan,0.001411717,1931.0
MS_heat_n8_gaaf_s777,WISER Results/Phase 2/Djabon Phase 2/Additionnal computations/GAAF-PINN/qapinn_runs_gaaf/checkpoints/MS_heat_n8_gaaf_s777.pt,MS,0.05,heat,gaaf,8,777,False,,False,1005,8.074602127075195,1.1563310181372799e-05,1.1563310181372799e-05,5.584839968264532e-08,1.1004825864802115e-05,nan,0.0008647082,1931.0
MS_heat_n8_twin_s1234,WISER Results/Phase 2/Djabon Phase 2/Additionnal computations/GAAF-PINN/qapinn_runs_gaaf/checkpoints/MS_heat_n8_twin_s1234.pt,MS,0.05,heat,twin,8,1234,False,,False,1005,3.3671956062316895,6.583713457075646e-06,6.583713457075646e-06,6.616028258576989e-08,5.922110631217947e-06,nan,0.0003599921,1931.0
MS_heat_n8_twin_s2025,WISER Results/Phase 2/Djabon Phase 2/Additionnal computations/GAAF-PINN/qapinn_runs_gaaf/checkpoints/MS_heat_n8_twin_s2025.pt,MS,0.05,heat,twin,8,2025,False,,False,1005,1.9383280277252197,1.3946927538199816e-05,1.3946927538199816e-05,3.213025365766953e-07,1.0733901945059188e-05,nan,0.000729937,1931.0
MS_heat_n8_twin_s777,WISER Results/Phase 2/Djabon Phase 2/Additionnal computations/GAAF-PINN/qapinn_runs_gaaf/checkpoints/MS_heat_n8_twin_s777.pt,MS,0.05,heat,twin,8,777,False,,False,1005,8.074602127075195,1.0490500244486611e-05,1.0490500244486611e-05,1.1045325720715482e-07,9.385968041897286e-06,nan,0.0004147736,1931.0
MS_heat_n3_qapinn_s1234,WISER Results/Phase 2/Djabon Phase 2/Additionnal computations/Heat Multi_seed_q38/qapinn_runs_heat/checkpoints/MS_heat_n3_qapinn_s1234.pt,MS,0.05,heat,qapinn,3,1234,False,,False,1005,4.7373151779174805,3.160955384373665e-05,3.160955384373665e-05,7.063700877552037e-07,2.4545852284063585e-05,nan,0.001128778,1801.0
MS_heat_n3_qapinn_s2025,WISER Results/Phase 2/Djabon Phase 2/Additionnal computations/Heat Multi_seed_q38/qapinn_runs_heat/checkpoints/MS_heat_n3_qapinn_s2025.pt,MS,0.05,heat,qapinn,3,2025,False,,False,1005,3.244333267211914,7.861543963372242e-06,7.861543963372242e-06,4.123909391751113e-08,7.4491531449893955e-06,nan,0.0003999207,1801.0
MS_heat_n3_qapinn_s777,WISER Results/Phase 2/Djabon Phase 2/Additionnal computations/Heat Multi_seed_q38/qapinn_runs_heat/checkpoints/MS_heat_n3_qapinn_s777.pt,MS,0.05,heat,qapinn,3,777,False,,False,1005,4.141839504241943,0.0003038776048924774,0.0003038776048924774,6.409979050658876e-06,0.00023977781529538333,nan,0.006197091,1801.0
MS_heat_n4_qapinn_s1234,WISER Results/Phase 2/Djabon Phase 2/Additionnal computations/Heat Multi_seed_q38/qapinn_runs_heat/checkpoints/MS_heat_n4_qapinn_s1234.pt,MS,0.05,heat,qapinn,4,1234,False,,False,1005,3.144193649291992,1.2428599802660756e-05,1.2428599802660756e-05,2.3703606188973936e-07,1.0058239240606781e-05,nan,0.0006916061,1827.0
MS_heat_n4_qapinn_s2025,WISER Results/Phase 2/Djabon Phase 2/Additionnal computations/Heat Multi_seed_q38/qapinn_runs_heat/checkpoints/MS_heat_n4_qapinn_s2025.pt,MS,0.05,heat,qapinn,4,2025,False,,False,1005,8.36423110961914,0.0003587912069633603,0.0003587912069633603,1.76961584656965e-05,0.0001818296150304377,nan,0.004120244,1827.0
MS_heat_n4_qapinn_s777,WISER Results/Phase 2/Djabon Phase 2/Additionnal computations/Heat Multi_seed_q38/qapinn_runs_heat/checkpoints/MS_heat_n4_qapinn_s777.pt,MS,0.05,heat,qapinn,4,777,False,,False,1005,7.188417434692383,1.4487847693089861e-05,1.4487847693089861e-05,1.0990892462814372e-07,1.3388758816290647e-05,nan,0.0006112305,1827.0
MS_heat_n5_qapinn_s1234,WISER Results/Phase 2/Djabon Phase 2/Additionnal computations/Heat Multi_seed_q38/qapinn_runs_heat/checkpoints/MS_heat_n5_qapinn_s1234.pt,MS,0.05,heat,qapinn,5,1234,False,,False,1005,6.4166717529296875,9.785758447833359e-05,9.785758447833359e-05,1.5983902130756178e-06,8.187368075596169e-05,nan,0.001755204,1853.0
MS_heat_n5_qapinn_s2025,WISER Results/Phase 2/Djabon Phase 2/Additionnal computations/Heat Multi_seed_q38/qapinn_runs_heat/checkpoints/MS_heat_n5_qapinn_s2025.pt,MS,0.05,heat,qapinn,5,2025,False,,False,1005,8.641708374023438,1.5520170563831925e-05,1.5520170563831925e-05,2.5702371431179927e-07,1.294993307965342e-05,nan,0.0009165458,1853.0
MS_heat_n5_qapinn_s777,WISER Results/Phase 2/Djabon Phase 2/Additionnal computations/Heat Multi_seed_q38/qapinn_runs_heat/checkpoints/MS_heat_n5_qapinn_s777.pt,MS,0.05,heat,qapinn,5,777,False,,False,1005,4.449787616729736,1.5335037460317835e-05,1.5335037460317835e-05,1.4218200306004292e-07,1.3913218026573304e-05,nan,0.0007257962,1853.0
MS_heat_n5_twin_s777_r1,WISER Results/Phase 2/Djabon Phase 2/Additionnal computations/Heat Multi_seed_q38/qapinn_runs_heat/checkpoints/MS_heat_n5_twin_s777_r1.pt,MS,0.05,heat,twin,5,777,True,,False,1005,15.13228702545166,1.1978018847003113e-05,1.1978018847003113e-05,1.442876254031944e-07,1.0535142791923136e-05,nan,0.0005818365,1853.0
MS_heat_n6_qapinn_s1234,WISER Results/Phase 2/Djabon Phase 2/Additionnal computations/Heat Multi_seed_q38/qapinn_runs_heat/checkpoints/MS_heat_n6_qapinn_s1234.pt,MS,0.05,heat,qapinn,6,1234,False,,False,704,4.322977066040039,8.71790834935382e-05,8.71790834935382e-05,1.4649505146735464e-06,7.25295758456923e-05,nan,0.002082074,1879.0
MS_heat_n6_qapinn_s2025,WISER Results/Phase 2/Djabon Phase 2/Additionnal computations/Heat Multi_seed_q38/qapinn_runs_heat/checkpoints/MS_heat_n6_qapinn_s2025.pt,MS,0.05,heat,qapinn,6,2025,False,,False,704,4.054305076599121,2.3193793822429143e-05,2.3193793822429143e-05,2.880173610719794e-07,2.0313620552769862e-05,nan,0.0007381617,1879.0
MS_heat_n6_qapinn_s777,WISER Results/Phase 2/Djabon Phase 2/Additionnal computations/Heat Multi_seed_q38/qapinn_runs_heat/checkpoints/MS_heat_n6_qapinn_s777.pt,MS,0.05,heat,qapinn,6,777,False,,False,704,14.576883316040039,3.1753399525769055e-05,3.1753399525769055e-05,4.905829769086267e-07,2.6847568733501248e-05,nan,0.0008521281,1879.0
MS_heat_n7_qapinn_s1234,WISER Results/Phase 2/Djabon Phase 2/Additionnal computations/Heat Multi_seed_q38/qapinn_runs_heat/checkpoints/MS_heat_n7_qapinn_s1234.pt,MS,0.05,heat,qapinn,7,1234,False,,False,503,4.659651756286621,5.831928865518421e-05,5.831928865518421e-05,2.035156967394869e-06,3.796771852648817e-05,nan,0.001684457,1905.0
MS_heat_n7_qapinn_s2025,WISER Results/Phase 2/Djabon Phase 2/Additionnal computations/Heat Multi_seed_q38/qapinn_runs_heat/checkpoints/MS_heat_n7_qapinn_s2025.pt,MS,0.05,heat,qapinn,7,2025,False,,False,503,4.7074689865112305,0.00023064561537466943,0.00023064561537466943,3.3712390177242924e-06,0.0001969332224689424,nan,0.002993306,1905.0
MS_heat_n7_qapinn_s777,WISER Results/Phase 2/Djabon Phase 2/Additionnal computations/Heat Multi_seed_q38/qapinn_runs_heat/checkpoints/MS_heat_n7_qapinn_s777.pt,MS,0.05,heat,qapinn,7,777,False,,False,503,7.104172229766846,6.211791333043948e-05,6.211791333043948e-05,8.861171636453946e-07,5.325674283085391e-05,nan,0.001436996,1905.0
MS_heat_n8_qapinn_s1234,WISER Results/Phase 2/Djabon Phase 2/Additionnal computations/Heat Multi_seed_q38/qapinn_runs_heat/checkpoints/MS_heat_n8_qapinn_s1234.pt,MS,0.05,heat,qapinn,8,1234,False,,False,352,3.8881306648254395,0.0003542387275956571,0.0003542387275956571,3.0567141493520467e-06,0.0003236715856473893,nan,0.003952953,1931.0
MS_heat_n8_qapinn_s2025,WISER Results/Phase 2/Djabon Phase 2/Additionnal computations/Heat Multi_seed_q38/qapinn_runs_heat/checkpoints/MS_heat_n8_qapinn_s2025.pt,MS,0.05,heat,qapinn,8,2025,False,,False,352,4.583845138549805,0.00020555964147206396,0.00020555964147206396,5.571198016696144e-06,0.00014984766312409192,nan,0.002673474,1931.0
MS_heat_n8_qapinn_s777,WISER Results/Phase 2/Djabon Phase 2/Additionnal computations/Heat Multi_seed_q38/qapinn_runs_heat/checkpoints/MS_heat_n8_qapinn_s777.pt,MS,0.05,heat,qapinn,8,777,False,,False,352,5.327371120452881,0.00030207133386284113,0.00030207133386284113,4.021462245873408e-06,0.00026185670867562294,nan,0.003673409,1931.0
CT_burgers_n3,WISER Results/Phase 2/Djabon Phase 2/Tiers12 c-PINN/qapinn_runs/checkpoints/CT_burgers_n3.pt,CT,0.05,burgers,twin,3,1234,False,Tier-1/2 classical twin,False,1004,2.6349241733551025,0.3775816559791565,0.3775816559791565,0.019422780722379684,0.18335385620594025,nan,0.3198222,1801.0
CT_burgers_n4,WISER Results/Phase 2/Djabon Phase 2/Tiers12 c-PINN/qapinn_runs/checkpoints/CT_burgers_n4.pt,CT,0.05,burgers,twin,4,1234,False,Tier-1/2 classical twin,False,1004,4.656685829162598,0.001861289725638926,0.001861289725638926,4.7231886128429323e-05,0.001388970878906548,nan,0.01442216,1827.0
CT_burgers_n5,WISER Results/Phase 2/Djabon Phase 2/Tiers12 c-PINN/qapinn_runs/checkpoints/CT_burgers_n5.pt,CT,0.05,burgers,twin,5,1234,False,Tier-1/2 classical twin,False,1004,3.868199586868286,0.002025556517764926,0.002025556517764926,4.404084029374644e-05,0.0015851480420678854,nan,0.01522468,1853.0
CT_heat_n3,WISER Results/Phase 2/Djabon Phase 2/Tiers12 c-PINN/qapinn_runs/checkpoints/CT_heat_n3.pt,CT,0.05,heat,twin,3,1234,False,Tier-1/2 classical twin,False,1004,2.660680055618286,0.00024000249686650932,0.00024000249686650932,7.668654689041432e-06,0.00016331594088114798,nan,0.003288245,1801.0
CT_heat_n4,WISER Results/Phase 2/Djabon Phase 2/Tiers12 c-PINN/qapinn_runs/checkpoints/CT_heat_n4.pt,CT,0.05,heat,twin,4,1234,False,Tier-1/2 classical twin,False,1004,4.548773765563965,0.0006130578112788498,0.0006130578112788498,3.672797174658626e-05,0.0002457780938129872,nan,0.006634557,1827.0
CT_heat_n5,WISER Results/Phase 2/Djabon Phase 2/Tiers12 c-PINN/qapinn_runs/checkpoints/CT_heat_n5.pt,CT,0.05,heat,twin,5,1234,False,Tier-1/2 classical twin,False,1004,4.1425909996032715,6.318788655335084e-05,6.318788655335084e-05,1.1439117315603653e-06,5.174876787350513e-05,nan,0.001409826,1853.0
MS_burgers_n3_qapinn_s1234,WISER Results/Phase 2/Djabon Phase 2/Tiers12_multi_seed/qapinn_runs/checkpoints/MS_burgers_n3_qapinn_s1234.pt,MS,0.05,burgers,qapinn,3,1234,False,,False,1005,3.7432782649993896,4.3670381273841485e-05,4.3670381273841485e-05,5.643340728056501e-07,3.802703940891661e-05,nan,0.002575467,1801.0
MS_burgers_n3_qapinn_s2025,WISER Results/Phase 2/Djabon Phase 2/Tiers12_multi_seed/qapinn_runs/checkpoints/MS_burgers_n3_qapinn_s2025.pt,MS,0.05,burgers,qapinn,3,2025,False,,False,1005,2.8378841876983643,0.0068343523889780045,0.0068343523889780045,8.409938891418278e-05,0.005993358325213194,nan,0.03395623,1801.0
MS_burgers_n3_qapinn_s31415,WISER Results/Phase 2/Djabon Phase 2/Tiers12_multi_seed/qapinn_runs/checkpoints/MS_burgers_n3_qapinn_s31415.pt,MS,0.05,burgers,qapinn,3,31415,False,,False,1005,3.483773946762085,0.001047004945576191,0.001047004945576191,3.252399983466603e-05,0.0007217649254016578,nan,0.007986966,1801.0
MS_burgers_n3_qapinn_s777,WISER Results/Phase 2/Djabon Phase 2/Tiers12_multi_seed/qapinn_runs/checkpoints/MS_burgers_n3_qapinn_s777.pt,MS,0.05,burgers,qapinn,3,777,False,,False,1005,3.0641942024230957,0.0007107082637958229,0.0007107082637958229,8.691084985912312e-06,0.0006237974157556891,nan,0.007665921,1801.0
MS_burgers_n3_qapinn_s8080,WISER Results/Phase 2/Djabon Phase 2/Tiers12_multi_seed/qapinn_runs/checkpoints/MS_burgers_n3_qapinn_s8080.pt,MS,0.05,burgers,qapinn,3,8080,False,,False,1005,2.784191846847534,0.0007019875920377672,0.0007019875920377672,1.55000998347532e-05,0.0005469865864142776,nan,0.006293995,1801.0
MS_burgers_n3_twin_s31415,WISER Results/Phase 2/Djabon Phase 2/Tiers12_multi_seed/qapinn_runs/checkpoints/MS_burgers_n3_twin_s31415.pt,MS,0.05,burgers,twin,3,31415,False,,False,1005,2.18013596534729,8.93824762897566e-05,8.93824762897566e-05,1.3920288211011211e-06,7.546218694187701e-05,nan,0.001972724,1801.0
MS_burgers_n3_twin_s8080,WISER Results/Phase 2/Djabon Phase 2/Tiers12_multi_seed/qapinn_runs/checkpoints/MS_burgers_n3_twin_s8080.pt,MS,0.05,burgers,twin,3,8080,False,,False,1005,4.0713605880737305,0.0023975581862032413,0.0023975581862032413,2.481637966411654e-05,0.002149394480511546,nan,0.01477496,1801.0
MS_burgers_n4_qapinn_s1234,WISER Results/Phase 2/Djabon Phase 2/Tiers12_multi_seed/qapinn_runs/checkpoints/MS_burgers_n4_qapinn_s1234.pt,MS,0.05,burgers,qapinn,4,1234,False,,False,1005,2.6077003479003906,7.27328733773902e-05,7.27328733773902e-05,1.0777806664918899e-06,6.195506284711882e-05,nan,0.002247833,1827.0
MS_burgers_n4_qapinn_s2025,WISER Results/Phase 2/Djabon Phase 2/Tiers12_multi_seed/qapinn_runs/checkpoints/MS_burgers_n4_qapinn_s2025.pt,MS,0.05,burgers,qapinn,4,2025,False,,False,1005,5.221278667449951,0.0005931133055128157,0.0005931133055128157,1.3961499462311622e-05,0.00045349833089858294,nan,0.00888521,1827.0
MS_burgers_n4_qapinn_s31415,WISER Results/Phase 2/Djabon Phase 2/Tiers12_multi_seed/qapinn_runs/checkpoints/MS_burgers_n4_qapinn_s31415.pt,MS,0.05,burgers,qapinn,4,31415,False,,False,1005,4.326794147491455,0.000279893254628405,0.000279893254628405,5.401358976087067e-06,0.0002258796594105661,nan,0.002582048,1827.0
MS_burgers_n4_qapinn_s777,WISER Results/Phase 2/Djabon Phase 2/Tiers12_multi_seed/qapinn_runs/checkpoints/MS_burgers_n4_qapinn_s777.pt,MS,0.05,burgers,qapinn,4,777,False,,False,1005,4.453155517578125,8.01792266429402e-05,8.01792266429402e-05,1.3314685247678426e-06,6.686454435111955e-05,nan,0.006504425,1827.0
MS_burgers_n4_qapinn_s8080,WISER Results/Phase 2/Djabon Phase 2/Tiers12_multi_seed/qapinn_runs/checkpoints/MS_burgers_n4_qapinn_s8080.pt,MS,0.05,burgers,qapinn,4,8080,False,,False,1005,2.662199020385742,6.924560148036107e-05,6.924560148036107e-05,7.957461320984294e-07,6.128814129624516e-05,nan,0.002646503,1827.0
MS_burgers_n4_twin_s31415,WISER Results/Phase 2/Djabon Phase 2/Tiers12_multi_seed/qapinn_runs/checkpoints/MS_burgers_n4_twin_s31415.pt,MS,0.05,burgers,twin,4,31415,False,,False,1005,3.331339120864868,1.6667376257828437e-05,1.6667376257828437e-05,9.239861498144819e-08,1.574338966747746e-05,nan,0.0005876045,1827.0
MS_burgers_n4_twin_s8080,WISER Results/Phase 2/Djabon Phase 2/Tiers12_multi_seed/qapinn_runs/checkpoints/MS_burgers_n4_twin_s8080.pt,MS,0.05,burgers,twin,4,8080,False,,False,1005,2.654669761657715,0.00016173292533494532,0.00016173292533494532,7.919353492980008e-07,0.00015381356934085488,nan,0.001914707,1827.0
MS_burgers_n5_qapinn_s1234,WISER Results/Phase 2/Djabon Phase 2/Tiers12_multi_seed/qapinn_runs/checkpoints/MS_burgers_n5_qapinn_s1234.pt,MS,0.05,burgers,qapinn,5,1234,False,,False,1005,3.815582036972046,0.00013136575580574572,0.00013136575580574572,1.6370045159419533e-06,0.0001149957170127891,nan,0.001841121,1853.0
MS_burgers_n5_qapinn_s2025,WISER Results/Phase 2/Djabon Phase 2/Tiers12_multi_seed/qapinn_runs/checkpoints/MS_burgers_n5_qapinn_s2025.pt,MS,0.05,burgers,qapinn,5,2025,False,,False,1005,5.524561882019043,0.00014910045138094574,0.00014910045138094574,1.9465808236418525e-06,0.00012963464541826397,nan,0.002183204,1853.0
MS_burgers_n5_qapinn_s31415,WISER Results/Phase 2/Djabon Phase 2/Tiers12_multi_seed/qapinn_runs/checkpoints/MS_burgers_n5_qapinn_s31415.pt,MS,0.05,burgers,qapinn,5,31415,False,,False,1005,3.5208849906921387,6.157161260489374e-05,6.157161260489374e-05,5.667698701472546e-07,5.590391447185539e-05,nan,0.002146128,1853.0
MS_burgers_n5_qapinn_s777,WISER Results/Phase 2/Djabon Phase 2/Tiers12_multi_seed/qapinn_runs/checkpoints/MS_burgers_n5_qapinn_s777.pt,MS,0.05,burgers,qapinn,5,777,False,,False,1005,3.553494930267334,2.4767739887465723e-05,2.4767739887465723e-05,2.3766740753217164e-07,2.2391066522686742e-05,nan,0.002441641,1853.0
MS_burgers_n5_qapinn_s8080,WISER Results/Phase 2/Djabon Phase 2/Tiers12_multi_seed/qapinn_runs/checkpoints/MS_burgers_n5_qapinn_s8080.pt,MS,0.05,burgers,qapinn,5,8080,False,,False,1005,6.784494400024414,0.0006166053935885429,0.0006166053935885429,7.172345249273349e-06,0.0005448819720186293,nan,0.01408414,1853.0
MS_burgers_n5_twin_s31415,WISER Results/Phase 2/Djabon Phase 2/Tiers12_multi_seed/qapinn_runs/checkpoints/MS_burgers_n5_twin_s31415.pt,MS,0.05,burgers,twin,5,31415,False,,False,1005,3.7478280067443848,2.889445750042796e-05,2.889445750042796e-05,2.824734508521942e-07,2.606972338980995e-05,nan,0.0009091857,1853.0
MS_burgers_n5_twin_s8080,WISER Results/Phase 2/Djabon Phase 2/Tiers12_multi_seed/qapinn_runs/checkpoints/MS_burgers_n5_twin_s8080.pt,MS,0.05,burgers,twin,5,8080,False,,False,1005,10.811885833740234,1.8835655282600783e-05,1.8835655282600783e-05,2.326344912262357e-07,1.650930971663911e-05,nan,0.0009150165,1853.0
MS_heat_n4_qapinn_s31415,WISER Results/Phase 2/Djabon Phase 2/Tiers12_multi_seed/qapinn_runs/checkpoints/MS_heat_n4_qapinn_s31415.pt,MS,0.05,heat,qapinn,4,31415,False,,False,1005,5.879707336425781,0.0001928281708387658,0.0001928281708387658,2.6128934678126825e-06,0.00016669923206791282,nan,0.002265193,1827.0
MS_heat_n4_qapinn_s8080,WISER Results/Phase 2/Djabon Phase 2/Tiers12_multi_seed/qapinn_runs/checkpoints/MS_heat_n4_qapinn_s8080.pt,MS,0.05,heat,qapinn,4,8080,False,,False,1005,2.626366138458252,7.645749428775162e-05,7.645749428775162e-05,2.2869835447636433e-06,5.358765702112578e-05,nan,0.001884138,1827.0
MS_heat_n4_twin_s31415,WISER Results/Phase 2/Djabon Phase 2/Tiers12_multi_seed/qapinn_runs/checkpoints/MS_heat_n4_twin_s31415.pt,MS,0.05,heat,twin,4,31415,False,,False,1005,1.8537849187850952,0.0010110774310305715,0.0010110774310305715,1.1125192941108253e-05,0.0008998254779726267,nan,0.007433058,1827.0
MS_heat_n4_twin_s8080,WISER Results/Phase 2/Djabon Phase 2/Tiers12_multi_seed/qapinn_runs/checkpoints/MS_heat_n4_twin_s8080.pt,MS,0.05,heat,twin,4,8080,False,,False,1005,2.455796957015991,3.149530675727874e-05,3.149530675727874e-05,6.381019943546562e-07,2.511428829166107e-05,nan,0.001009223,1827.0
T1_burgers_q3,WISER Results/Phase 2/Djabon Phase 2/Tiers12_q3/qapinn_runs/checkpoints/T1_burgers_q3.pt,T1,0.05,burgers,qapinn,3,1234,False,Tier-1 early run,False,1004,10.899478912353516,0.002294836100190878,0.002294836100190878,2.864782072720118e-05,0.002008357783779502,nan,0.01149164,1801.0
T1_burgers_q4,WISER Results/Phase 2/Djabon Phase 2/Tiers12_q3/qapinn_runs/checkpoints/T1_burgers_q4.pt,T1,0.05,burgers,qapinn,4,1234,False,Tier-1 early run,False,1004,4.875454902648926,0.0004910696297883987,0.0004910696297883987,9.961253454093821e-06,0.00039145711343735456,nan,0.005683449,1827.0
T1_burgers_q5,WISER Results/Phase 2/Djabon Phase 2/Tiers12_q3/qapinn_runs/checkpoints/T1_burgers_q5.pt,T1,0.05,burgers,qapinn,5,1234,False,Tier-1 early run,False,1004,4.103939056396484,0.0005106138996779919,0.0005106138996779919,4.4096932469983585e-06,0.00046651699813082814,nan,0.004151443,1853.0
T1_heat_q3,WISER Results/Phase 2/Djabon Phase 2/Tiers12_q3/qapinn_runs/checkpoints/T1_heat_q3.pt,T1,0.05,heat,qapinn,3,1234,False,Tier-1 early run,False,1004,8.137115478515625,0.0019149559084326029,0.0019149559084326029,4.299386273487471e-05,0.0014850172447040677,nan,0.01205264,1801.0
T1_heat_q4,WISER Results/Phase 2/Djabon Phase 2/Tiers12_q3/qapinn_runs/checkpoints/T1_heat_q4.pt,T1,0.05,heat,qapinn,4,1234,False,Tier-1 early run,False,1004,4.682875633239746,0.00046410062350332737,0.00046410062350332737,7.542253570136381e-06,0.00038867807597853243,nan,0.003815476,1827.0
T1_heat_q5,WISER Results/Phase 2/Djabon Phase 2/Tiers12_q3/qapinn_runs/checkpoints/T1_heat_q5.pt,T1,0.05,heat,qapinn,5,1234,False,Tier-1 early run,False,1004,13.8870267868042,0.0005738978506997228,0.0005738978506997228,1.8224838640890084e-05,0.00039164943154901266,nan,0.004670265,1853.0
T2_hero_q5,WISER Results/Phase 2/Djabon Phase 2/Tiers12_q3/qapinn_runs/checkpoints/T2_hero_q5.pt,T2,0.01/pi,burgers,qapinn,5,1234,False,Tier-2 hero run,False,2016,4.841437816619873,4.435568189364858e-05,4.435568189364858e-05,4.327570763962285e-07,4.0028109651757404e-05,nan,0.003567357,1853.0
T2_smoke_q3,WISER Results/Phase 2/Djabon Phase 2/Tiers12_q3/qapinn_runs/checkpoints/T2_smoke_q3.pt,T2,0.01/pi,burgers,qapinn,3,1234,False,Tier-2 smoke run,False,242,5.102883338928223,0.23581914603710175,0.23581914603710175,0.007333625573664904,0.16248288750648499,nan,0.4189052,1801.0
V5_burgers_q3,WISER Results/Phase 2/Djabon Phase 2/Tiers12_q38_more_iter/qapinn_runs/checkpoints/V5_burgers_q3.pt,V5,0.05,burgers,qapinn,3,1234,False,"single-run sweep, global SEED",False,2008,10.899478912353516,0.00032353756250813603,0.00032353756250813603,2.3081665858626366e-06,0.00030045589664950967,nan,0.003621754,1801.0
V5_burgers_q4,WISER Results/Phase 2/Djabon Phase 2/Tiers12_q38_more_iter/qapinn_runs/checkpoints/V5_burgers_q4.pt,V5,0.05,burgers,qapinn,4,1234,False,"single-run sweep, global SEED",False,2008,4.875454902648926,1.4533967259922065e-05,1.4533967259922065e-05,1.0468473732316852e-07,1.3487119758792687e-05,nan,0.0005857202,1827.0
V5_burgers_q5,WISER Results/Phase 2/Djabon Phase 2/Tiers12_q38_more_iter/qapinn_runs/checkpoints/V5_burgers_q5.pt,V5,0.05,burgers,qapinn,5,1234,False,"single-run sweep, global SEED",False,2008,4.103939056396484,3.7665733543690294e-05,3.7665733543690294e-05,2.7603036301115935e-07,3.4905431675724685e-05,nan,0.001161264,1853.0
V5_burgers_q6,WISER Results/Phase 2/Djabon Phase 2/Tiers12_q38_more_iter/qapinn_runs/checkpoints/V5_burgers_q6.pt,V5,0.05,burgers,qapinn,6,1234,False,"single-run sweep, global SEED",False,1204,2.6616313457489014,0.00021761271636933088,0.00021761271636933088,4.141018052905565e-06,0.00017620253493078053,nan,0.004726964,1879.0
V5_burgers_q7,WISER Results/Phase 2/Djabon Phase 2/Tiers12_q38_more_iter/qapinn_runs/checkpoints/V5_burgers_q7.pt,V5,0.05,burgers,qapinn,7,1234,False,"single-run sweep, global SEED",False,802,2.606602191925049,0.0003719502128660679,0.0003719502128660679,4.98190865982906e-06,0.0003221311199013144,nan,0.003940587,1905.0
V5_burgers_q8,WISER Results/Phase 2/Djabon Phase 2/Tiers12_q38_more_iter/qapinn_runs/checkpoints/V5_burgers_q8.pt,V5,0.05,burgers,qapinn,8,1234,False,"single-run sweep, global SEED",False,502,3.0786855220794678,0.0008227845537476242,0.0008227845537476242,8.64240610098932e-06,0.0007363604963757098,nan,0.005298296,1931.0
V5_heat_q3,WISER Results/Phase 2/Djabon Phase 2/Tiers12_q38_more_iter/qapinn_runs/checkpoints/V5_heat_q3.pt,V5,0.05,heat,qapinn,3,1234,False,"single-run sweep, global SEED",False,2008,5.0797319412231445,3.622627627919428e-05,3.622627627919428e-05,1.172290694739786e-06,2.450336978654377e-05,nan,0.001158506,1801.0
V5_heat_q4,WISER Results/Phase 2/Djabon Phase 2/Tiers12_q38_more_iter/qapinn_runs/checkpoints/V5_heat_q4.pt,V5,0.05,heat,qapinn,4,1234,False,"single-run sweep, global SEED",False,2008,8.803791046142578,1.49308343679877e-05,1.49308343679877e-05,2.766593638625636e-07,1.2164240615675226e-05,nan,0.000698011,1827.0
V5_heat_q5,WISER Results/Phase 2/Djabon Phase 2/Tiers12_q38_more_iter/qapinn_runs/checkpoints/V5_heat_q5.pt,V5,0.05,heat,qapinn,5,1234,False,"single-run sweep, global SEED",False,2008,3.3534088134765625,9.186408533423673e-06,9.186408533423673e-06,1.491344789883442e-07,7.695063686696813e-06,nan,0.0005801252,1853.0
V5_heat_q6,WISER Results/Phase 2/Djabon Phase 2/Tiers12_q38_more_iter/qapinn_runs/checkpoints/V5_heat_q6.pt,V5,0.05,heat,qapinn,6,1234,False,"single-run sweep, global SEED",False,1204,3.309992790222168,3.7751869967905805e-05,3.7751869967905805e-05,3.2207717026722094e-07,3.4531098208390176e-05,nan,0.0008304653,1879.0
V5_heat_q7,WISER Results/Phase 2/Djabon Phase 2/Tiers12_q38_more_iter/qapinn_runs/checkpoints/V5_heat_q7.pt,V5,0.05,heat,qapinn,7,1234,False,"single-run sweep, global SEED",False,802,8.077498435974121,0.0003094091371167451,0.0003094091371167451,6.334862064250046e-06,0.00024606051738373935,nan,0.002624831,1905.0
V5_heat_q8,WISER Results/Phase 2/Djabon Phase 2/Tiers12_q38_more_iter/qapinn_runs/checkpoints/V5_heat_q8.pt,V5,0.05,heat,qapinn,8,1234,False,"single-run sweep, global SEED",False,502,2.7940123081207275,0.00041618096292950213,0.00041618096292950213,4.8043812057585455e-06,0.00036813714541494846,nan,0.004190493,1931.0
B10_q5_all_expval_v3,WISER Results/Phase 2/Roland phase 2/wiser/qapinn_runs/checkpoints/B10_q5_all_expval_v3.pt,ablation,0.05,burgers,qapinn,5,1234,False,"Track-B ablation: ent=all, meas=expval",False,1004,2.5780739784240723,0.0007895838934928179,0.0007895838934928179,1.7293079508817755e-05,0.000616653123870492,nan,0.004879487,1853.0
B13_q6_linear_expval_v3,WISER Results/Phase 2/Roland phase 2/wiser/qapinn_runs/checkpoints/B13_q6_linear_expval_v3.pt,ablation,0.05,burgers,qapinn,6,1234,False,"Track-B ablation: ent=linear, meas=expval",False,1004,3.922290802001953,0.0008994776871986687,0.0008994776871986687,1.5208159311441705e-05,0.0007473960868082941,nan,0.01195557,1879.0
B14_q7_linear_expval_v3,WISER Results/Phase 2/Roland phase 2/wiser/qapinn_runs/checkpoints/B14_q7_linear_expval_v3.pt,ablation,0.05,burgers,qapinn,7,1234,False,"Track-B ablation: ent=linear, meas=expval",False,1004,2.9408063888549805,0.0002831084711942822,0.0002831084711942822,4.170333795627812e-06,0.00024140512687154114,nan,0.003868931,1905.0
B1_q3_linear_expval_v3,WISER Results/Phase 2/Roland phase 2/wiser/qapinn_runs/checkpoints/B1_q3_linear_expval_v3.pt,ablation,0.05,burgers,qapinn,3,1234,False,"Track-B ablation: ent=linear, meas=expval",False,1004,13.569793701171875,0.0031119883060455322,0.0031119883060455322,2.5343162633362226e-05,0.002858556807041168,nan,0.01414378,1801.0
B2_q4_linear_expval_v3,WISER Results/Phase 2/Roland phase 2/wiser/qapinn_runs/checkpoints/B2_q4_linear_expval_v3.pt,ablation,0.05,burgers,qapinn,4,1234,False,"Track-B ablation: ent=linear, meas=expval",False,1004,5.234548568725586,0.0026237417478114367,0.0026237417478114367,4.8151585360756144e-05,0.002142225857824087,nan,0.01523385,1827.0
B3_q5_linear_expval_v3,WISER Results/Phase 2/Roland phase 2/wiser/qapinn_runs/checkpoints/B3_q5_linear_expval_v3.pt,ablation,0.05,burgers,qapinn,5,1234,False,"Track-B ablation: ent=linear, meas=expval",False,1004,6.383673667907715,0.004823239520192146,0.004823239520192146,9.594255243428051e-05,0.003863814054057002,nan,0.02533816,1853.0
B4_q3_none_expval_v3,WISER Results/Phase 2/Roland phase 2/wiser/qapinn_runs/checkpoints/B4_q3_none_expval_v3.pt,ablation,0.05,burgers,qapinn,3,1234,False,"Track-B ablation: ent=none, meas=expval",False,1004,9.73609447479248,1.5137370824813843,1.5137370824813843,0.14207008481025696,0.09303628653287888,nan,1.046122,1801.0
B5_q4_none_expval_v3,WISER Results/Phase 2/Roland phase 2/wiser/qapinn_runs/checkpoints/B5_q4_none_expval_v3.pt,ablation,0.05,burgers,qapinn,4,1234,False,"Track-B ablation: ent=none, meas=expval",False,1004,3.771733283996582,1.4115742444992065,1.4115742444992065,0.13574539124965668,0.05412031710147858,nan,1.047925,1827.0
B6_q5_none_expval_v3,WISER Results/Phase 2/Roland phase 2/wiser/qapinn_runs/checkpoints/B6_q5_none_expval_v3.pt,ablation,0.05,burgers,qapinn,5,1234,False,"Track-B ablation: ent=none, meas=expval",False,1004,6.8458781242370605,1.625321865081787,1.625321865081787,0.15770545601844788,0.04826733097434044,nan,1.042394,1853.0
B7_q3_linear_probs_v3,WISER Results/Phase 2/Roland phase 2/wiser/qapinn_runs/checkpoints/B7_q3_linear_probs_v3.pt,ablation,0.05,burgers,qapinn,3,1234,False,"Track-B ablation: ent=linear, meas=probs",False,1004,5.29102897644043,0.0004889025003649294,0.0004889025003649294,9.328815394837875e-06,0.00039561433368362486,nan,nan,nan
B8_q4_linear_probs_v3,WISER Results/Phase 2/Roland phase 2/wiser/qapinn_runs/checkpoints/B8_q4_linear_probs_v3.pt,ablation,0.05,burgers,qapinn,4,1234,False,"Track-B ablation: ent=linear, meas=probs",False,1004,3.741105556488037,0.0001788325753295794,0.0001788325753295794,2.067704826913541e-06,0.0001581555261509493,nan,nan,nan
B9_q5_linear_probs_v3,WISER Results/Phase 2/Roland phase 2/wiser/qapinn_runs/checkpoints/B9_q5_linear_probs_v3.pt,ablation,0.05,burgers,qapinn,5,1234,False,"Track-B ablation: ent=linear, meas=probs",False,1004,2.8197672367095947,0.0005776260513812304,0.0005776260513812304,7.091124643920921e-06,0.0005067148013040423,nan,nan,nan
