tag,pde,n_feat,model,seed,source,t,centroid_model,hf_model,centroid_exact,hf_exact,centroid_err,abs_err
MS_burgers_n3_gaaf_s1234_r1,burgers,3,gaaf,1234,MS,0.25,0.5257455209896723,6.353752853422398e-05,0.5527385042446051,1.40434210757614e-06,-0.026992983254932823,0.026992983254932823
MS_burgers_n3_gaaf_s1234_r1,burgers,3,gaaf,1234,MS,0.5,0.5255614614314423,5.996566801020745e-05,0.610342190741679,9.955402581416152e-07,-0.08478072931023661,0.08478072931023661
MS_burgers_n3_gaaf_s1234_r1,burgers,3,gaaf,1234,MS,0.75,0.5254199152391177,5.672529561890698e-05,0.6155906794316344,9.338412206059664e-07,-0.09017076419251668,0.09017076419251668
MS_burgers_n3_gaaf_s1234_r1,burgers,3,gaaf,1234,MS,1.0,0.5253201574696758,5.378953582864395e-05,0.601216735606354,9.634290999399992e-07,-0.07589657813667827,0.07589657813667827
MS_burgers_n3_gaaf_s2025,burgers,3,gaaf,2025,MS,0.25,0.5525387819722754,1.2483598886056967e-06,0.5527385042446051,1.40434210757614e-06,-0.00019972227232978312,0.00019972227232978312
MS_burgers_n3_gaaf_s2025,burgers,3,gaaf,2025,MS,0.5,0.6100830103224111,1.2125699237438987e-06,0.610342190741679,9.955402581416152e-07,-0.00025918041926786817,0.00025918041926786817
MS_burgers_n3_gaaf_s2025,burgers,3,gaaf,2025,MS,0.75,0.6159860485001475,7.119443989254301e-07,0.6155906794316344,9.338412206059664e-07,0.00039536906851311837,0.00039536906851311837
MS_burgers_n3_gaaf_s2025,burgers,3,gaaf,2025,MS,1.0,0.6013022021794054,1.562909539468971e-06,0.601216735606354,9.634290999399992e-07,8.546657305141814e-05,8.546657305141814e-05
MS_burgers_n3_gaaf_s777,burgers,3,gaaf,777,MS,0.25,0.5522316617111224,1.2984430604277998e-06,0.5527385042446051,1.40434210757614e-06,-0.0005068425334827653,0.0005068425334827653
MS_burgers_n3_gaaf_s777,burgers,3,gaaf,777,MS,0.5,0.609961667891197,1.1305907397297394e-06,0.610342190741679,9.955402581416152e-07,-0.0003805228504819569,0.0003805228504819569
MS_burgers_n3_gaaf_s777,burgers,3,gaaf,777,MS,0.75,0.6156535511611153,9.763884032816076e-07,0.6155906794316344,9.338412206059664e-07,6.287172948094e-05,6.287172948094e-05
MS_burgers_n3_gaaf_s777,burgers,3,gaaf,777,MS,1.0,0.601356058721525,7.237575512131476e-07,0.601216735606354,9.634290999399992e-07,0.00013932311517095286,0.00013932311517095286
MS_burgers_n3_twin_s1234_r1,burgers,3,twin,1234,MS,0.25,0.551593823030522,4.879090056822515e-06,0.5527385042446051,1.40434210757614e-06,-0.0011446812140831764,0.0011446812140831764
MS_burgers_n3_twin_s1234_r1,burgers,3,twin,1234,MS,0.5,0.6129286118875426,1.970549249143799e-06,0.610342190741679,9.955402581416152e-07,0.0025864211458636044,0.0025864211458636044
MS_burgers_n3_twin_s1234_r1,burgers,3,twin,1234,MS,0.75,0.6198509403021998,1.2967589215705278e-07,0.6155906794316344,9.338412206059664e-07,0.004260260870565413,0.004260260870565413
MS_burgers_n3_twin_s1234_r1,burgers,3,twin,1234,MS,1.0,0.5993466720184741,1.0442345312812323e-07,0.601216735606354,9.634290999399992e-07,-0.0018700635878798888,0.0018700635878798888
MS_burgers_n3_twin_s2025,burgers,3,twin,2025,MS,0.25,0.5522742531514571,1.3307318757061446e-06,0.5527385042446051,1.40434210757614e-06,-0.00046425109314807145,0.00046425109314807145
MS_burgers_n3_twin_s2025,burgers,3,twin,2025,MS,0.5,0.6099059455433931,1.1896705071179376e-06,0.610342190741679,9.955402581416152e-07,-0.0004362451982858895,0.0004362451982858895
MS_burgers_n3_twin_s2025,burgers,3,twin,2025,MS,0.75,0.6158427688821242,7.291768393197833e-07,0.6155906794316344,9.338412206059664e-07,0.000252089450489823,0.000252089450489823
MS_burgers_n3_twin_s2025,burgers,3,twin,2025,MS,1.0,0.6011804439672691,8.633661870943254e-07,0.601216735606354,9.634290999399992e-07,-3.6291639084917726e-05,3.6291639084917726e-05
MS_burgers_n3_twin_s777,burgers,3,twin,777,MS,0.25,0.5527253698923446,1.8628099350794872e-06,0.5527385042446051,1.40434210757614e-06,-1.3134352260579796e-05,1.3134352260579796e-05
MS_burgers_n3_twin_s777,burgers,3,twin,777,MS,0.5,0.6105898876465785,7.640048726670768e-07,0.610342190741679,9.955402581416152e-07,0.00024769690489956364,0.00024769690489956364
MS_burgers_n3_twin_s777,burgers,3,twin,777,MS,0.75,0.61591591780026,6.550964138245779e-07,0.6155906794316344,9.338412206059664e-07,0.0003252383686256355,0.0003252383686256355
MS_burgers_n3_twin_s777,burgers,3,twin,777,MS,1.0,0.6011777878629704,2.347094583466238e-06,0.601216735606354,9.634290999399992e-07,-3.894774338364382e-05,3.894774338364382e-05
MS_burgers_n4_gaaf_s1234_r1,burgers,4,gaaf,1234,MS,0.25,0.5524520467920064,1.5111831201479747e-06,0.5527385042446051,1.40434210757614e-06,-0.0002864574525986985,0.0002864574525986985
MS_burgers_n4_gaaf_s1234_r1,burgers,4,gaaf,1234,MS,0.5,0.6102206558540403,8.933191884913268e-07,0.610342190741679,9.955402581416152e-07,-0.00012153488763866349,0.00012153488763866349
MS_burgers_n4_gaaf_s1234_r1,burgers,4,gaaf,1234,MS,0.75,0.6155282622821985,1.129991031052127e-06,0.6155906794316344,9.338412206059664e-07,-6.241714943588939e-05,6.241714943588939e-05
MS_burgers_n4_gaaf_s1234_r1,burgers,4,gaaf,1234,MS,1.0,0.6012366045003261,1.917502216826975e-07,0.601216735606354,9.634290999399992e-07,1.9868893972097013e-05,1.9868893972097013e-05
MS_burgers_n4_gaaf_s2025_r1,burgers,4,gaaf,2025,MS,0.25,0.5525624630457768,1.4134731662054681e-06,0.5527385042446051,1.40434210757614e-06,-0.00017604119882830283,0.00017604119882830283
MS_burgers_n4_gaaf_s2025_r1,burgers,4,gaaf,2025,MS,0.5,0.6102435018426364,9.53610194924272e-07,0.610342190741679,9.955402581416152e-07,-9.868889904252054e-05,9.868889904252054e-05
MS_burgers_n4_gaaf_s2025_r1,burgers,4,gaaf,2025,MS,0.75,0.6157595552739427,9.712694663890351e-07,0.6155906794316344,9.338412206059664e-07,0.00016887584230829145,0.00016887584230829145
MS_burgers_n4_gaaf_s2025_r1,burgers,4,gaaf,2025,MS,1.0,0.6012059015851758,1.397424742326418e-06,0.601216735606354,9.634290999399992e-07,-1.0834021178185438e-05,1.0834021178185438e-05
MS_burgers_n4_gaaf_s777_r1,burgers,4,gaaf,777,MS,0.25,0.5524902830008572,1.338312373477517e-06,0.5527385042446051,1.40434210757614e-06,-0.00024822124374790366,0.00024822124374790366
MS_burgers_n4_gaaf_s777_r1,burgers,4,gaaf,777,MS,0.5,0.6101620849845841,9.775558529475062e-07,0.610342190741679,9.955402581416152e-07,-0.00018010575709481724,0.00018010575709481724
MS_burgers_n4_gaaf_s777_r1,burgers,4,gaaf,777,MS,0.75,0.6157113117290806,1.0637558478961146e-06,0.6155906794316344,9.338412206059664e-07,0.0001206322974461882,0.0001206322974461882
MS_burgers_n4_gaaf_s777_r1,burgers,4,gaaf,777,MS,1.0,0.6011716696280412,8.900479784223469e-07,0.601216735606354,9.634290999399992e-07,-4.5065978312774924e-05,4.5065978312774924e-05
MS_burgers_n4_twin_s1234,burgers,4,twin,1234,MS,0.25,0.5523976244400799,1.6455162629845558e-06,0.5527385042446051,1.40434210757614e-06,-0.00034087980452524036,0.00034087980452524036
MS_burgers_n4_twin_s1234,burgers,4,twin,1234,MS,0.5,0.610019564126681,8.574047490740059e-07,0.610342190741679,9.955402581416152e-07,-0.000322626614997934,0.000322626614997934
MS_burgers_n4_twin_s1234,burgers,4,twin,1234,MS,0.75,0.6158172041627114,6.044252712453904e-07,0.6155906794316344,9.338412206059664e-07,0.00022652473107698246,0.00022652473107698246
MS_burgers_n4_twin_s1234,burgers,4,twin,1234,MS,1.0,0.6012358505658927,1.990171144388409e-06,0.601216735606354,9.634290999399992e-07,1.9114959538657494e-05,1.9114959538657494e-05
MS_burgers_n4_twin_s2025,burgers,4,twin,2025,MS,0.25,0.552505575677282,3.9633910591799165e-06,0.5527385042446051,1.40434210757614e-06,-0.00023292856732315403,0.00023292856732315403
MS_burgers_n4_twin_s2025,burgers,4,twin,2025,MS,0.5,0.6076743843686547,4.2100019871826856e-06,0.610342190741679,9.955402581416152e-07,-0.0026678063730242174,0.0026678063730242174
MS_burgers_n4_twin_s2025,burgers,4,twin,2025,MS,0.75,0.6146539231069372,1.0389364307125538e-07,0.6155906794316344,9.338412206059664e-07,-0.0009367563246971411,0.0009367563246971411
MS_burgers_n4_twin_s2025,burgers,4,twin,2025,MS,1.0,0.5985419208333341,9.143988771763646e-06,0.601216735606354,9.634290999399992e-07,-0.0026748147730198957,0.0026748147730198957
MS_burgers_n4_twin_s777,burgers,4,twin,777,MS,0.25,0.54842204362303,1.5441646919547265e-06,0.5527385042446051,1.40434210757614e-06,-0.004316460621575091,0.004316460621575091
MS_burgers_n4_twin_s777,burgers,4,twin,777,MS,0.5,0.6011598101955096,4.573515020004199e-06,0.610342190741679,9.955402581416152e-07,-0.009182380546169377,0.009182380546169377
MS_burgers_n4_twin_s777,burgers,4,twin,777,MS,0.75,0.6200777402847094,3.082689023273527e-06,0.6155906794316344,9.338412206059664e-07,0.004487060853075042,0.004487060853075042
MS_burgers_n4_twin_s777,burgers,4,twin,777,MS,1.0,0.6079563950624493,1.0833466075908363e-07,0.601216735606354,9.634290999399992e-07,0.006739659456095226,0.006739659456095226
MS_burgers_n5_gaaf_s1234,burgers,5,gaaf,1234,MS,0.25,0.5525757554073221,1.4894121186603064e-06,0.5527385042446051,1.40434210757614e-06,-0.00016274883728306655,0.00016274883728306655
MS_burgers_n5_gaaf_s1234,burgers,5,gaaf,1234,MS,0.5,0.6102776889057544,1.035000438611659e-06,0.610342190741679,9.955402581416152e-07,-6.450183592454639e-05,6.450183592454639e-05
MS_burgers_n5_gaaf_s1234,burgers,5,gaaf,1234,MS,0.75,0.6158754545042328,7.581368008241007e-07,0.6155906794316344,9.338412206059664e-07,0.00028477507259838664,0.00028477507259838664
MS_burgers_n5_gaaf_s1234,burgers,5,gaaf,1234,MS,1.0,0.6011409206583702,8.359792170228644e-07,0.601216735606354,9.634290999399992e-07,-7.581494798380994e-05,7.581494798380994e-05
MS_burgers_n5_gaaf_s2025,burgers,5,gaaf,2025,MS,0.25,0.552676685083829,1.4887639333931183e-06,0.5527385042446051,1.40434210757614e-06,-6.181916077618865e-05,6.181916077618865e-05
MS_burgers_n5_gaaf_s2025,burgers,5,gaaf,2025,MS,0.5,0.6103222314881294,8.838790141264377e-07,0.610342190741679,9.955402581416152e-07,-1.9959253549584055e-05,1.9959253549584055e-05
MS_burgers_n5_gaaf_s2025,burgers,5,gaaf,2025,MS,0.75,0.6158517228375857,9.5097992994065e-07,0.6155906794316344,9.338412206059664e-07,0.00026104340595134445,0.00026104340595134445
MS_burgers_n5_gaaf_s2025,burgers,5,gaaf,2025,MS,1.0,0.6012030071961387,1.984921686566985e-06,0.601216735606354,9.634290999399992e-07,-1.3728410215296805e-05,1.3728410215296805e-05
MS_burgers_n5_gaaf_s777,burgers,5,gaaf,777,MS,0.25,0.5528223218842501,1.079457333046502e-06,0.5527385042446051,1.40434210757614e-06,8.381763964493416e-05,8.381763964493416e-05
MS_burgers_n5_gaaf_s777,burgers,5,gaaf,777,MS,0.5,0.610553298417847,1.1173835940517286e-06,0.610342190741679,9.955402581416152e-07,0.00021110767616805415,0.00021110767616805415
MS_burgers_n5_gaaf_s777,burgers,5,gaaf,777,MS,0.75,0.6159201809564135,9.638432597538372e-07,0.6155906794316344,9.338412206059664e-07,0.0003295015247791744,0.0003295015247791744
MS_burgers_n5_gaaf_s777,burgers,5,gaaf,777,MS,1.0,0.6018969531295916,2.591985875810491e-07,0.601216735606354,9.634290999399992e-07,0.0006802175232375474,0.0006802175232375474
MS_burgers_n5_twin_s1234,burgers,5,twin,1234,MS,0.25,0.5523643928960447,1.373136420357782e-06,0.5527385042446051,1.40434210757614e-06,-0.00037411134856046857,0.00037411134856046857
MS_burgers_n5_twin_s1234,burgers,5,twin,1234,MS,0.5,0.6099393310560108,1.0672838224531204e-06,0.610342190741679,9.955402581416152e-07,-0.00040285968566811103,0.00040285968566811103
MS_burgers_n5_twin_s1234,burgers,5,twin,1234,MS,0.75,0.6155662673428451,7.435524596600048e-07,0.6155906794316344,9.338412206059664e-07,-2.4412088789227404e-05,2.4412088789227404e-05
MS_burgers_n5_twin_s1234,burgers,5,twin,1234,MS,1.0,0.6007251500952867,2.1013831685539492e-06,0.601216735606354,9.634290999399992e-07,-0.0004915855110673162,0.0004915855110673162
MS_burgers_n5_twin_s2025,burgers,5,twin,2025,MS,0.25,0.5524800646935826,1.502159632351082e-06,0.5527385042446051,1.40434210757614e-06,-0.0002584395510225601,0.0002584395510225601
MS_burgers_n5_twin_s2025,burgers,5,twin,2025,MS,0.5,0.6103190775478946,9.672440131280417e-07,0.610342190741679,9.955402581416152e-07,-2.3113193784340957e-05,2.3113193784340957e-05
MS_burgers_n5_twin_s2025,burgers,5,twin,2025,MS,0.75,0.6157722968114858,7.811799761086371e-07,0.6155906794316344,9.338412206059664e-07,0.00018161737985145088,0.00018161737985145088
MS_burgers_n5_twin_s2025,burgers,5,twin,2025,MS,1.0,0.6013909467536788,2.0738848369608367e-06,0.601216735606354,9.634290999399992e-07,0.0001742111473247432,0.0001742111473247432
MS_burgers_n5_twin_s777,burgers,5,twin,777,MS,0.25,0.5523914687715636,1.4612799541240262e-06,0.5527385042446051,1.40434210757614e-06,-0.0003470354730414904,0.0003470354730414904
MS_burgers_n5_twin_s777,burgers,5,twin,777,MS,0.5,0.6100142055908793,9.275098966810763e-07,0.610342190741679,9.955402581416152e-07,-0.00032798515079968116,0.00032798515079968116
MS_burgers_n5_twin_s777,burgers,5,twin,777,MS,0.75,0.6157960357231308,8.853076001241489e-07,0.6155906794316344,9.338412206059664e-07,0.00020535629149642798,0.00020535629149642798
MS_burgers_n5_twin_s777,burgers,5,twin,777,MS,1.0,0.6011482757888786,1.6401118671961067e-06,0.601216735606354,9.634290999399992e-07,-6.845981747538588e-05,6.845981747538588e-05
MS_burgers_n6_gaaf_s1234,burgers,6,gaaf,1234,MS,0.25,0.5524429164871003,1.5506032008136488e-06,0.5527385042446051,1.40434210757614e-06,-0.0002955877575048227,0.0002955877575048227
MS_burgers_n6_gaaf_s1234,burgers,6,gaaf,1234,MS,0.5,0.6101955919391446,8.549272074535267e-07,0.610342190741679,9.955402581416152e-07,-0.00014659880253431457,0.00014659880253431457
MS_burgers_n6_gaaf_s1234,burgers,6,gaaf,1234,MS,0.75,0.6151795129994644,1.2183592562834897e-06,0.6155906794316344,9.338412206059664e-07,-0.00041116643216998483,0.00041116643216998483
MS_burgers_n6_gaaf_s1234,burgers,6,gaaf,1234,MS,1.0,0.601514155787721,4.870743015118758e-07,0.601216735606354,9.634290999399992e-07,0.0002974201813670252,0.0002974201813670252
MS_burgers_n6_gaaf_s2025,burgers,6,gaaf,2025,MS,0.25,0.5522189208964909,1.6028272554042094e-06,0.5527385042446051,1.40434210757614e-06,-0.0005195833481141943,0.0005195833481141943
MS_burgers_n6_gaaf_s2025,burgers,6,gaaf,2025,MS,0.5,0.6098887153439242,8.019732823391863e-07,0.610342190741679,9.955402581416152e-07,-0.00045347539775475454,0.00045347539775475454
MS_burgers_n6_gaaf_s2025,burgers,6,gaaf,2025,MS,0.75,0.6157449854005598,1.0572430653010555e-06,0.6155906794316344,9.338412206059664e-07,0.0001543059689254056,0.0001543059689254056
MS_burgers_n6_gaaf_s2025,burgers,6,gaaf,2025,MS,1.0,0.6012572293079543,2.833786757407733e-07,0.601216735606354,9.634290999399992e-07,4.0493701600308185e-05,4.0493701600308185e-05
MS_burgers_n6_gaaf_s777,burgers,6,gaaf,777,MS,0.25,0.5523354480279774,1.3831670166625938e-06,0.5527385042446051,1.40434210757614e-06,-0.0004030562166277285,0.0004030562166277285
MS_burgers_n6_gaaf_s777,burgers,6,gaaf,777,MS,0.5,0.6102402824596691,1.081336144654817e-06,0.610342190741679,9.955402581416152e-07,-0.00010190828200984381,0.00010190828200984381
MS_burgers_n6_gaaf_s777,burgers,6,gaaf,777,MS,0.75,0.6156114162724591,8.271511033968584e-07,0.6155906794316344,9.338412206059664e-07,2.0736840824708835e-05,2.0736840824708835e-05
MS_burgers_n6_gaaf_s777,burgers,6,gaaf,777,MS,1.0,0.6009585881322324,9.281714192157961e-07,0.601216735606354,9.634290999399992e-07,-0.0002581474741216727,0.0002581474741216727
MS_burgers_n6_twin_s1234,burgers,6,twin,1234,MS,0.25,0.5525623061387067,1.419397321916414e-06,0.5527385042446051,1.40434210757614e-06,-0.00017619810589841745,0.00017619810589841745
MS_burgers_n6_twin_s1234,burgers,6,twin,1234,MS,0.5,0.609978696544857,9.43043734575422e-07,0.610342190741679,9.955402581416152e-07,-0.00036349419682191186,0.00036349419682191186
MS_burgers_n6_twin_s1234,burgers,6,twin,1234,MS,0.75,0.6158018748900856,8.43373519221662e-07,0.6155906794316344,9.338412206059664e-07,0.0002111954584512743,0.0002111954584512743
MS_burgers_n6_twin_s1234,burgers,6,twin,1234,MS,1.0,0.6012452057658939,1.5717807732665737e-06,0.601216735606354,9.634290999399992e-07,2.8470159539883966e-05,2.8470159539883966e-05
MS_burgers_n6_twin_s2025,burgers,6,twin,2025,MS,0.25,0.5526539896687602,1.6872567532354968e-06,0.5527385042446051,1.40434210757614e-06,-8.451457584490729e-05,8.451457584490729e-05
MS_burgers_n6_twin_s2025,burgers,6,twin,2025,MS,0.5,0.610377444487111,8.782255787171372e-07,0.610342190741679,9.955402581416152e-07,3.525374543200677e-05,3.525374543200677e-05
MS_burgers_n6_twin_s2025,burgers,6,twin,2025,MS,0.75,0.6156833873097616,8.969184352777978e-07,0.6155906794316344,9.338412206059664e-07,9.270787812720727e-05,9.270787812720727e-05
MS_burgers_n6_twin_s2025,burgers,6,twin,2025,MS,1.0,0.6014697963719622,6.182956635750085e-07,0.601216735606354,9.634290999399992e-07,0.0002530607656081596,0.0002530607656081596
MS_burgers_n6_twin_s777,burgers,6,twin,777,MS,0.25,0.5521277912720605,1.4486362022711105e-06,0.5527385042446051,1.40434210757614e-06,-0.0006107129725446692,0.0006107129725446692
MS_burgers_n6_twin_s777,burgers,6,twin,777,MS,0.5,0.6100449453233031,1.0658616010486383e-06,0.610342190741679,9.955402581416152e-07,-0.0002972454183758355,0.0002972454183758355
MS_burgers_n6_twin_s777,burgers,6,twin,777,MS,0.75,0.6158775070232758,6.933856896576365e-07,0.6155906794316344,9.338412206059664e-07,0.00028682759164144755,0.00028682759164144755
MS_burgers_n6_twin_s777,burgers,6,twin,777,MS,1.0,0.6009792698692562,9.450668556436822e-07,0.601216735606354,9.634290999399992e-07,-0.00023746573709781948,0.00023746573709781948
MS_burgers_n7_gaaf_s1234,burgers,7,gaaf,1234,MS,0.25,0.5525368541067341,1.4430251145223513e-06,0.5527385042446051,1.40434210757614e-06,-0.00020165013787099006,0.00020165013787099006
MS_burgers_n7_gaaf_s1234,burgers,7,gaaf,1234,MS,0.5,0.6101185234089762,9.78690055981139e-07,0.610342190741679,9.955402581416152e-07,-0.0002236673327027372,0.0002236673327027372
MS_burgers_n7_gaaf_s1234,burgers,7,gaaf,1234,MS,0.75,0.6156176803252643,9.547165078024021e-07,0.6155906794316344,9.338412206059664e-07,2.7000893629947065e-05,2.7000893629947065e-05
MS_burgers_n7_gaaf_s1234,burgers,7,gaaf,1234,MS,1.0,0.6013467710286984,8.238647692619379e-07,0.601216735606354,9.634290999399992e-07,0.0001300354223443545,0.0001300354223443545
MS_burgers_n7_gaaf_s2025,burgers,7,gaaf,2025,MS,0.25,0.5525579817251007,1.273184621145106e-06,0.5527385042446051,1.40434210757614e-06,-0.00018052251950440024,0.00018052251950440024
MS_burgers_n7_gaaf_s2025,burgers,7,gaaf,2025,MS,0.5,0.6103311375882764,1.0993582918409966e-06,0.610342190741679,9.955402581416152e-07,-1.105315340255153e-05,1.105315340255153e-05
MS_burgers_n7_gaaf_s2025,burgers,7,gaaf,2025,MS,0.75,0.6157907531422622,9.487431283764512e-07,0.6155906794316344,9.338412206059664e-07,0.00020007371062780166,0.00020007371062780166
MS_burgers_n7_gaaf_s2025,burgers,7,gaaf,2025,MS,1.0,0.6013021617326073,8.445612394990496e-07,0.601216735606354,9.634290999399992e-07,8.542612625328516e-05,8.542612625328516e-05
MS_burgers_n7_gaaf_s777,burgers,7,gaaf,777,MS,0.25,0.552544408066766,1.0728671751460503e-06,0.5527385042446051,1.40434210757614e-06,-0.00019409617783916477,0.00019409617783916477
MS_burgers_n7_gaaf_s777,burgers,7,gaaf,777,MS,0.5,0.6103920315111588,1.0833793076798501e-06,0.610342190741679,9.955402581416152e-07,4.984076947989191e-05,4.984076947989191e-05
MS_burgers_n7_gaaf_s777,burgers,7,gaaf,777,MS,0.75,0.6155764311451519,1.3309162727578814e-06,0.6155906794316344,9.338412206059664e-07,-1.4248286482443362e-05,1.4248286482443362e-05
MS_burgers_n7_gaaf_s777,burgers,7,gaaf,777,MS,1.0,0.6012032473154331,3.671119699740443e-07,0.601216735606354,9.634290999399992e-07,-1.3488290920959933e-05,1.3488290920959933e-05
MS_burgers_n7_twin_s1234,burgers,7,twin,1234,MS,0.25,0.552447839125984,1.2941546639384475e-06,0.5527385042446051,1.40434210757614e-06,-0.0002906651186210807,0.0002906651186210807
MS_burgers_n7_twin_s1234,burgers,7,twin,1234,MS,0.5,0.6100914643405416,1.0863187066643442e-06,0.610342190741679,9.955402581416152e-07,-0.00025072640113732447,0.00025072640113732447
MS_burgers_n7_twin_s1234,burgers,7,twin,1234,MS,0.75,0.6158637171120044,9.9106900910019e-07,0.6155906794316344,9.338412206059664e-07,0.0002730376803700141,0.0002730376803700141
MS_burgers_n7_twin_s1234,burgers,7,twin,1234,MS,1.0,0.601405211527554,1.0234608801968613e-06,0.601216735606354,9.634290999399992e-07,0.00018847592119997092,0.00018847592119997092
MS_burgers_n7_twin_s2025,burgers,7,twin,2025,MS,0.25,0.5523251880824679,2.2863406774382045e-06,0.5527385042446051,1.40434210757614e-06,-0.000413316162137245,0.000413316162137245
MS_burgers_n7_twin_s2025,burgers,7,twin,2025,MS,0.5,0.6101762188154428,7.966871638911178e-07,0.610342190741679,9.955402581416152e-07,-0.00016597192623613033,0.00016597192623613033
MS_burgers_n7_twin_s2025,burgers,7,twin,2025,MS,0.75,0.615820421928224,5.355624835848595e-07,0.6155906794316344,9.338412206059664e-07,0.00022974249658958001,0.00022974249658958001
MS_burgers_n7_twin_s2025,burgers,7,twin,2025,MS,1.0,0.6011522156301794,3.0771745715093164e-06,0.601216735606354,9.634290999399992e-07,-6.451997617462624e-05,6.451997617462624e-05
MS_burgers_n7_twin_s777,burgers,7,twin,777,MS,0.25,0.5522166974211926,1.5259774880131878e-06,0.5527385042446051,1.40434210757614e-06,-0.0005218068234125184,0.0005218068234125184
MS_burgers_n7_twin_s777,burgers,7,twin,777,MS,0.5,0.6098688107585106,9.528346467151513e-07,0.610342190741679,9.955402581416152e-07,-0.00047337998316832053,0.00047337998316832053
MS_burgers_n7_twin_s777,burgers,7,twin,777,MS,0.75,0.6156499176037579,9.026986504399282e-07,0.6155906794316344,9.338412206059664e-07,5.923817212349913e-05,5.923817212349913e-05
MS_burgers_n7_twin_s777,burgers,7,twin,777,MS,1.0,0.6009972521965751,5.388420570550373e-07,0.601216735606354,9.634290999399992e-07,-0.0002194834097789533,0.0002194834097789533
MS_burgers_n8_gaaf_s1234,burgers,8,gaaf,1234,MS,0.25,0.5522326662060328,1.3624378155061866e-06,0.5527385042446051,1.40434210757614e-06,-0.0005058380385722927,0.0005058380385722927
MS_burgers_n8_gaaf_s1234,burgers,8,gaaf,1234,MS,0.5,0.6099691659410162,9.261872318189318e-07,0.610342190741679,9.955402581416152e-07,-0.0003730248006627024,0.0003730248006627024
MS_burgers_n8_gaaf_s1234,burgers,8,gaaf,1234,MS,0.75,0.6156088346151748,8.783977972162134e-07,0.6155906794316344,9.338412206059664e-07,1.815518354042478e-05,1.815518354042478e-05
MS_burgers_n8_gaaf_s1234,burgers,8,gaaf,1234,MS,1.0,0.6013560501188007,1.2262757686862364e-06,0.601216735606354,9.634290999399992e-07,0.00013931451244664217,0.00013931451244664217
MS_burgers_n8_gaaf_s2025,burgers,8,gaaf,2025,MS,0.25,0.5522307952395001,1.4124999903024556e-06,0.5527385042446051,1.40434210757614e-06,-0.0005077090051049948,0.0005077090051049948
MS_burgers_n8_gaaf_s2025,burgers,8,gaaf,2025,MS,0.5,0.6099944952642438,1.0301013977987535e-06,0.610342190741679,9.955402581416152e-07,-0.0003476954774351837,0.0003476954774351837
MS_burgers_n8_gaaf_s2025,burgers,8,gaaf,2025,MS,0.75,0.6158287820648979,9.395834093680239e-07,0.6155906794316344,9.338412206059664e-07,0.000238102633263515,0.000238102633263515
MS_burgers_n8_gaaf_s2025,burgers,8,gaaf,2025,MS,1.0,0.6009842499753592,7.864711940351916e-07,0.601216735606354,9.634290999399992e-07,-0.00023248563099487196,0.00023248563099487196
MS_burgers_n8_gaaf_s777,burgers,8,gaaf,777,MS,0.25,0.552464721915688,1.4210552781136219e-06,0.5527385042446051,1.40434210757614e-06,-0.00027378232891717147,0.00027378232891717147
MS_burgers_n8_gaaf_s777,burgers,8,gaaf,777,MS,0.5,0.6102424354999575,1.011876665506043e-06,0.610342190741679,9.955402581416152e-07,-9.975524172145533e-05,9.975524172145533e-05
MS_burgers_n8_gaaf_s777,burgers,8,gaaf,777,MS,0.75,0.6155462053514978,9.513209104784477e-07,0.6155906794316344,9.338412206059664e-07,-4.4474080136525096e-05,4.4474080136525096e-05
MS_burgers_n8_gaaf_s777,burgers,8,gaaf,777,MS,1.0,0.6014773339547588,8.090779446562309e-07,0.601216735606354,9.634290999399992e-07,0.00026059834840475027,0.00026059834840475027
MS_burgers_n8_twin_s1234,burgers,8,twin,1234,MS,0.25,0.5525008114813449,1.205615756030167e-06,0.5527385042446051,1.40434210757614e-06,-0.00023769276326024436,0.00023769276326024436
MS_burgers_n8_twin_s1234,burgers,8,twin,1234,MS,0.5,0.609946858037807,9.543156386864513e-07,0.610342190741679,9.955402581416152e-07,-0.0003953327038719312,0.0003953327038719312
MS_burgers_n8_twin_s1234,burgers,8,twin,1234,MS,0.75,0.6160700494754877,1.2356000807059731e-06,0.6155906794316344,9.338412206059664e-07,0.00047937004385334436,0.00047937004385334436
MS_burgers_n8_twin_s1234,burgers,8,twin,1234,MS,1.0,0.6010320276337646,1.5270280028371033e-06,0.601216735606354,9.634290999399992e-07,-0.00018470797258940408,0.00018470797258940408
MS_burgers_n8_twin_s2025,burgers,8,twin,2025,MS,0.25,0.5523333839376835,1.4633897682700864e-06,0.5527385042446051,1.40434210757614e-06,-0.0004051203069216358,0.0004051203069216358
MS_burgers_n8_twin_s2025,burgers,8,twin,2025,MS,0.5,0.6101128190951527,1.0186271403809303e-06,0.610342190741679,9.955402581416152e-07,-0.0002293716465262552,0.0002293716465262552
MS_burgers_n8_twin_s2025,burgers,8,twin,2025,MS,0.75,0.6155920101868193,9.65490425727029e-07,0.6155906794316344,9.338412206059664e-07,1.3307551849361943e-06,1.3307551849361943e-06
MS_burgers_n8_twin_s2025,burgers,8,twin,2025,MS,1.0,0.6012572878684215,1.077957068791542e-06,0.601216735606354,9.634290999399992e-07,4.055226206745033e-05,4.055226206745033e-05
MS_burgers_n8_twin_s777,burgers,8,twin,777,MS,0.25,0.5523327987309551,1.4739722330071949e-06,0.5527385042446051,1.40434210757614e-06,-0.00040570551365004537,0.00040570551365004537
MS_burgers_n8_twin_s777,burgers,8,twin,777,MS,0.5,0.610251142519788,1.0673560457837952e-06,0.610342190741679,9.955402581416152e-07,-9.104822189098805e-05,9.104822189098805e-05
MS_burgers_n8_twin_s777,burgers,8,twin,777,MS,0.75,0.6158259252834577,7.744476902348369e-07,0.6155906794316344,9.338412206059664e-07,0.00023524585182332913,0.00023524585182332913
MS_burgers_n8_twin_s777,burgers,8,twin,777,MS,1.0,0.6007108688230948,1.2728846131858446e-06,0.601216735606354,9.634290999399992e-07,-0.0005058667832592567,0.0005058667832592567
MS_heat_n3_gaaf_s1234,heat,3,gaaf,1234,MS,0.25,0.5001251675135092,2.942756073603173e-06,0.5001441452957212,3.7042540637756282e-06,-1.8977782211937466e-05,1.8977782211937466e-05
MS_heat_n3_gaaf_s1234,heat,3,gaaf,1234,MS,0.5,0.5000903422933926,2.0819544424302917e-06,0.500144145295721,3.704254063775615e-06,-5.380300232848967e-05,5.380300232848967e-05
MS_heat_n3_gaaf_s1234,heat,3,gaaf,1234,MS,0.75,0.5001560914892561,4.045230760695401e-06,0.5001441452957209,3.7042540637755956e-06,1.1946193535172789e-05,1.1946193535172789e-05
MS_heat_n3_gaaf_s1234,heat,3,gaaf,1234,MS,1.0,0.5005803107601546,1.628408028124093e-05,0.5001441452957209,3.7042540637756155e-06,0.0004361654644337021,0.0004361654644337021
MS_heat_n3_gaaf_s2025_r1,heat,3,gaaf,2025,MS,0.25,0.5001375421140255,3.3406214025299074e-06,0.5001441452957212,3.7042540637756282e-06,-6.603181695652438e-06,6.603181695652438e-06
MS_heat_n3_gaaf_s2025_r1,heat,3,gaaf,2025,MS,0.5,0.5001209110808977,2.9697056820671475e-06,0.500144145295721,3.704254063775615e-06,-2.3234214823308896e-05,2.3234214823308896e-05
MS_heat_n3_gaaf_s2025_r1,heat,3,gaaf,2025,MS,0.75,0.5001927208226461,5.409397760982417e-06,0.5001441452957209,3.7042540637755956e-06,4.857552692516531e-05,4.857552692516531e-05
MS_heat_n3_gaaf_s2025_r1,heat,3,gaaf,2025,MS,1.0,0.5005713912395409,1.7230121629111648e-05,0.5001441452957209,3.7042540637756155e-06,0.00042724594381993164,0.00042724594381993164
MS_heat_n3_gaaf_s777_r1,heat,3,gaaf,777,MS,0.25,0.5018849783265783,4.2855539594716255e-05,0.5001441452957212,3.7042540637756282e-06,0.0017408330308571474,0.0017408330308571474
MS_heat_n3_gaaf_s777_r1,heat,3,gaaf,777,MS,0.5,0.5018922809111158,4.310073365027332e-05,0.500144145295721,3.704254063775615e-06,0.0017481356153947747,0.0017481356153947747
MS_heat_n3_gaaf_s777_r1,heat,3,gaaf,777,MS,0.75,0.5018987286701102,4.331940985829155e-05,0.5001441452957209,3.7042540637755956e-06,0.0017545833743892736,0.0017545833743892736
MS_heat_n3_gaaf_s777_r1,heat,3,gaaf,777,MS,1.0,0.5019042230870804,4.350945010457477e-05,0.5001441452957209,3.7042540637756155e-06,0.001760077791359449,0.001760077791359449
MS_heat_n3_twin_s1234,heat,3,twin,1234,MS,0.25,0.5001307937244619,3.312238446494142e-06,0.5001441452957212,3.7042540637756282e-06,-1.33515712592569e-05,1.33515712592569e-05
MS_heat_n3_twin_s1234,heat,3,twin,1234,MS,0.5,0.5001354188336065,3.4674602867320952e-06,0.500144145295721,3.704254063775615e-06,-8.726462114583278e-06,8.726462114583278e-06
MS_heat_n3_twin_s1234,heat,3,twin,1234,MS,0.75,0.5001437524721376,3.731302483219738e-06,0.5001441452957209,3.7042540637755956e-06,-3.928235833283722e-07,3.928235833283722e-07
MS_heat_n3_twin_s1234,heat,3,twin,1234,MS,1.0,0.5002595931465957,6.9428834757385775e-06,0.5001441452957209,3.7042540637756155e-06,0.0001154478508748058,0.0001154478508748058
MS_heat_n3_twin_s2025,heat,3,twin,2025,MS,0.25,0.5001534798656234,3.961675737623039e-06,0.5001441452957212,3.7042540637756282e-06,9.334569902264e-06,9.334569902264e-06
MS_heat_n3_twin_s2025,heat,3,twin,2025,MS,0.5,0.5001355193259763,3.413537432226003e-06,0.500144145295721,3.704254063775615e-06,-8.625969744713302e-06,8.625969744713302e-06
MS_heat_n3_twin_s2025,heat,3,twin,2025,MS,0.75,0.5001426966081838,3.620741956071043e-06,0.5001441452957209,3.7042540637755956e-06,-1.4486875371533259e-06,1.4486875371533259e-06
MS_heat_n3_twin_s2025,heat,3,twin,2025,MS,1.0,0.5001881023465159,4.978214622341609e-06,0.5001441452957209,3.7042540637756155e-06,4.3957050794962704e-05,4.3957050794962704e-05
MS_heat_n3_twin_s777,heat,3,twin,777,MS,0.25,0.5001354657242508,3.3551632011234173e-06,0.5001441452957212,3.7042540637756282e-06,-8.679571470326941e-06,8.679571470326941e-06
MS_heat_n3_twin_s777,heat,3,twin,777,MS,0.5,0.500089824035206,2.1074899735039216e-06,0.500144145295721,3.704254063775615e-06,-5.4321260515077796e-05,5.4321260515077796e-05
MS_heat_n3_twin_s777,heat,3,twin,777,MS,0.75,0.5001709382857439,4.68448149083007e-06,0.5001441452957209,3.7042540637755956e-06,2.6792990022950214e-05,2.6792990022950214e-05
MS_heat_n3_twin_s777,heat,3,twin,777,MS,1.0,0.5005631295144677,1.708702209056055e-05,0.5001441452957209,3.7042540637756155e-06,0.00041898421874675407,0.00041898421874675407
MS_heat_n4_gaaf_s1234,heat,4,gaaf,1234,MS,0.25,0.5001581781291086,3.956199207877416e-06,0.5001441452957212,3.7042540637756282e-06,1.4032833387411792e-05,1.4032833387411792e-05
MS_heat_n4_gaaf_s1234,heat,4,gaaf,1234,MS,0.5,0.5001128398134168,2.7630851505742904e-06,0.500144145295721,3.704254063775615e-06,-3.130548230423358e-05,3.130548230423358e-05
MS_heat_n4_gaaf_s1234,heat,4,gaaf,1234,MS,0.75,0.5001331517550901,3.5420820438800144e-06,0.5001441452957209,3.7042540637755956e-06,-1.0993540630832577e-05,1.0993540630832577e-05
MS_heat_n4_gaaf_s1234,heat,4,gaaf,1234,MS,1.0,0.5003448072650186,9.908391445621992e-06,0.5001441452957209,3.7042540637756155e-06,0.00020066196929768854,0.00020066196929768854
MS_heat_n4_gaaf_s2025,heat,4,gaaf,2025,MS,0.25,0.5001029704160919,1.555661129744099e-08,0.5001441452957212,3.7042540637756282e-06,-4.1174879629291006e-05,4.1174879629291006e-05
MS_heat_n4_gaaf_s2025,heat,4,gaaf,2025,MS,0.5,0.5000779226723394,1.0604095543038197e-06,0.500144145295721,3.704254063775615e-06,-6.622262338162876e-05,6.622262338162876e-05
MS_heat_n4_gaaf_s2025,heat,4,gaaf,2025,MS,0.75,0.5005063362301111,1.67605827576584e-05,0.5001441452957209,3.7042540637755956e-06,0.0003621909343901608,0.0003621909343901608
MS_heat_n4_gaaf_s2025,heat,4,gaaf,2025,MS,1.0,0.5048260999528267,0.00013548742181585752,0.5001441452957209,3.7042540637756155e-06,0.004681954657105747,0.004681954657105747
MS_heat_n4_gaaf_s777_r1,heat,4,gaaf,777,MS,0.25,0.5001483622603671,3.7355274912297233e-06,0.5001441452957212,3.7042540637756282e-06,4.216964645920029e-06,4.216964645920029e-06
MS_heat_n4_gaaf_s777_r1,heat,4,gaaf,777,MS,0.5,0.5001239615160262,3.0523901737769596e-06,0.500144145295721,3.704254063775615e-06,-2.0183779694815662e-05,2.0183779694815662e-05
MS_heat_n4_gaaf_s777_r1,heat,4,gaaf,777,MS,0.75,0.5001340882381432,3.524268323663246e-06,0.5001441452957209,3.7042540637755956e-06,-1.0057057577728123e-05,1.0057057577728123e-05
MS_heat_n4_gaaf_s777_r1,heat,4,gaaf,777,MS,1.0,0.5002807919468926,7.96588653392262e-06,0.5001441452957209,3.7042540637756155e-06,0.00013664665117163466,0.00013664665117163466
MS_heat_n4_twin_s1234_r1,heat,4,twin,1234,MS,0.25,0.5001475065539149,3.6791473694670475e-06,0.5001441452957212,3.7042540637756282e-06,3.361258193779193e-06,3.361258193779193e-06
MS_heat_n4_twin_s1234_r1,heat,4,twin,1234,MS,0.5,0.500113643875282,2.7837849829152702e-06,0.500144145295721,3.704254063775615e-06,-3.0501420439033033e-05,3.0501420439033033e-05
MS_heat_n4_twin_s1234_r1,heat,4,twin,1234,MS,0.75,0.5001291056390361,3.4137852518423224e-06,0.5001441452957209,3.7042540637755956e-06,-1.5039656684812108e-05,1.5039656684812108e-05
MS_heat_n4_twin_s1234_r1,heat,4,twin,1234,MS,1.0,0.5003985854354135,1.1496679803954527e-05,0.5001441452957209,3.7042540637756155e-06,0.00025444013969255774,0.00025444013969255774
MS_heat_n4_twin_s2025,heat,4,twin,2025,MS,0.25,0.5000701380645771,1.5251723565982627e-06,0.5001441452957212,3.7042540637756282e-06,-7.40072311440354e-05,7.40072311440354e-05
MS_heat_n4_twin_s2025,heat,4,twin,2025,MS,0.5,0.5000852200529933,1.9954253932930595e-06,0.500144145295721,3.704254063775615e-06,-5.892524272776978e-05,5.892524272776978e-05
MS_heat_n4_twin_s2025,heat,4,twin,2025,MS,0.75,0.5001996456854322,5.6323384582954085e-06,0.5001441452957209,3.7042540637755956e-06,5.5500389711249376e-05,5.5500389711249376e-05
MS_heat_n4_twin_s2025,heat,4,twin,2025,MS,1.0,0.5004657402703251,1.461479541204159e-05,0.5001441452957209,3.7042540637756155e-06,0.00032159497460415576,0.00032159497460415576
MS_heat_n4_twin_s777,heat,4,twin,777,MS,0.25,0.500150803818327,3.823561618688544e-06,0.5001441452957212,3.7042540637756282e-06,6.658522605840211e-06,6.658522605840211e-06
MS_heat_n4_twin_s777,heat,4,twin,777,MS,0.5,0.5001323147809914,3.446963084784864e-06,0.500144145295721,3.704254063775615e-06,-1.1830514729638253e-05,1.1830514729638253e-05
MS_heat_n4_twin_s777,heat,4,twin,777,MS,0.75,0.5001385943099457,3.7059126844717624e-06,0.5001441452957209,3.7042540637755956e-06,-5.550985775260031e-06,5.550985775260031e-06
MS_heat_n4_twin_s777,heat,4,twin,777,MS,1.0,0.5003383102188642,9.08508549161851e-06,0.5001441452957209,3.7042540637756155e-06,0.0001941649231432807,0.0001941649231432807
MS_heat_n5_gaaf_s1234_r1,heat,5,gaaf,1234,MS,0.25,0.5001314365600253,3.481373035287304e-06,0.5001441452957212,3.7042540637756282e-06,-1.2708735695809992e-05,1.2708735695809992e-05
MS_heat_n5_gaaf_s1234_r1,heat,5,gaaf,1234,MS,0.5,0.500108976603354,2.9504384819260623e-06,0.500144145295721,3.704254063775615e-06,-3.516869236708242e-05,3.516869236708242e-05
MS_heat_n5_gaaf_s1234_r1,heat,5,gaaf,1234,MS,0.75,0.5001605938563359,4.306643935405374e-06,0.5001441452957209,3.7042540637755956e-06,1.6448560615001107e-05,1.6448560615001107e-05
MS_heat_n5_gaaf_s1234_r1,heat,5,gaaf,1234,MS,1.0,0.5005367310288622,1.423692956986756e-05,0.5001441452957209,3.7042540637756155e-06,0.00039258573314127077,0.00039258573314127077
MS_heat_n5_gaaf_s2025_r1,heat,5,gaaf,2025,MS,0.25,0.5001304942295124,3.2111715552035574e-06,0.5001441452957212,3.7042540637756282e-06,-1.3651066208764107e-05,1.3651066208764107e-05
MS_heat_n5_gaaf_s2025_r1,heat,5,gaaf,2025,MS,0.5,0.5001144244402113,2.701261716197283e-06,0.500144145295721,3.704254063775615e-06,-2.9720855509784982e-05,2.9720855509784982e-05
MS_heat_n5_gaaf_s2025_r1,heat,5,gaaf,2025,MS,0.75,0.5001651307982091,4.395487559676711e-06,0.5001441452957209,3.7042540637755956e-06,2.0985502488191088e-05,2.0985502488191088e-05
MS_heat_n5_gaaf_s2025_r1,heat,5,gaaf,2025,MS,1.0,0.5004093669432425,1.2251775152746465e-05,0.5001441452957209,3.7042540637756155e-06,0.00026522164752151856,0.00026522164752151856
MS_heat_n5_gaaf_s777,heat,5,gaaf,777,MS,0.25,0.5001375573268884,3.542512976166028e-06,0.5001441452957212,3.7042540637756282e-06,-6.587968832794111e-06,6.587968832794111e-06
MS_heat_n5_gaaf_s777,heat,5,gaaf,777,MS,0.5,0.5001624193405131,4.165427175596546e-06,0.500144145295721,3.704254063775615e-06,1.8274044792043753e-05,1.8274044792043753e-05
MS_heat_n5_gaaf_s777,heat,5,gaaf,777,MS,0.75,0.5001586163213156,3.995837497509639e-06,0.5001441452957209,3.7042540637755956e-06,1.447102559470892e-05,1.447102559470892e-05
MS_heat_n5_gaaf_s777,heat,5,gaaf,777,MS,1.0,0.5000868582045779,2.042217583133073e-06,0.5001441452957209,3.7042540637756155e-06,-5.7287091143054525e-05,5.7287091143054525e-05
MS_heat_n5_twin_s1234,heat,5,twin,1234,MS,0.25,0.5001465395025013,3.5310810807278244e-06,0.5001441452957212,3.7042540637756282e-06,2.39420678016522e-06,2.39420678016522e-06
MS_heat_n5_twin_s1234,heat,5,twin,1234,MS,0.5,0.5000857435948114,2.031450691870429e-06,0.500144145295721,3.704254063775615e-06,-5.840170090964936e-05,5.840170090964936e-05
MS_heat_n5_twin_s1234,heat,5,twin,1234,MS,0.75,0.5001353894747457,3.764679737004155e-06,0.5001441452957209,3.7042540637755956e-06,-8.755820975259176e-06,8.755820975259176e-06
MS_heat_n5_twin_s1234,heat,5,twin,1234,MS,1.0,0.5005916545677405,1.7782502177197145e-05,0.5001441452957209,3.7042540637756155e-06,0.0004475092720195306,0.0004475092720195306
MS_heat_n5_twin_s2025,heat,5,twin,2025,MS,0.25,0.5001412981196061,3.6270142289661877e-06,0.5001441452957212,3.7042540637756282e-06,-2.847176115094996e-06,2.847176115094996e-06
MS_heat_n5_twin_s2025,heat,5,twin,2025,MS,0.5,0.5001298804924476,3.2621349091509086e-06,0.500144145295721,3.704254063775615e-06,-1.4264803273489335e-05,1.4264803273489335e-05
MS_heat_n5_twin_s2025,heat,5,twin,2025,MS,0.75,0.5001516273454357,3.9038334290610734e-06,0.5001441452957209,3.7042540637755956e-06,7.482049714790939e-06,7.482049714790939e-06
MS_heat_n5_twin_s2025,heat,5,twin,2025,MS,1.0,0.5002414822231059,6.658502911469684e-06,0.5001441452957209,3.7042540637756155e-06,9.733692738500554e-05,9.733692738500554e-05
MS_heat_n5_twin_s777,heat,5,twin,777,MS,0.25,0.500144894631474,3.7389988024131448e-06,0.5001441452957212,3.7042540637756282e-06,7.493357528920441e-07,7.493357528920441e-07
MS_heat_n5_twin_s777,heat,5,twin,777,MS,0.5,0.5001335519693515,3.5220635954243477e-06,0.500144145295721,3.704254063775615e-06,-1.0593326369545686e-05,1.0593326369545686e-05
MS_heat_n5_twin_s777,heat,5,twin,777,MS,0.75,0.5001504450074502,3.971030949594851e-06,0.5001441452957209,3.7042540637755956e-06,6.299711729274016e-06,6.299711729274016e-06
MS_heat_n5_twin_s777,heat,5,twin,777,MS,1.0,0.5002717687663715,7.074523187444787e-06,0.5001441452957209,3.7042540637756155e-06,0.0001276234706505397,0.0001276234706505397
MS_heat_n6_gaaf_s1234,heat,6,gaaf,1234,MS,0.25,0.5001505778510092,3.854382693347756e-06,0.5001441452957212,3.7042540637756282e-06,6.432555288093944e-06,6.432555288093944e-06
MS_heat_n6_gaaf_s1234,heat,6,gaaf,1234,MS,0.5,0.5001346466285839,3.4157913334503697e-06,0.500144145295721,3.704254063775615e-06,-9.49866713717551e-06,9.49866713717551e-06
MS_heat_n6_gaaf_s1234,heat,6,gaaf,1234,MS,0.75,0.500140581294687,3.580020813834481e-06,0.5001441452957209,3.7042540637755956e-06,-3.5640010339621497e-06,3.5640010339621497e-06
MS_heat_n6_gaaf_s1234,heat,6,gaaf,1234,MS,1.0,0.500184863704211,4.915139280993314e-06,0.5001441452957209,3.7042540637756155e-06,4.0718408490070246e-05,4.0718408490070246e-05
MS_heat_n6_gaaf_s2025,heat,6,gaaf,2025,MS,0.25,0.500158793892039,4.033620325993547e-06,0.5001441452957212,3.7042540637756282e-06,1.464859631783444e-05,1.464859631783444e-05
MS_heat_n6_gaaf_s2025,heat,6,gaaf,2025,MS,0.5,0.5001199052438522,2.922092257249797e-06,0.500144145295721,3.704254063775615e-06,-2.4240051868851253e-05,2.4240051868851253e-05
MS_heat_n6_gaaf_s2025,heat,6,gaaf,2025,MS,0.75,0.5001327423094533,3.4333313219185206e-06,0.5001441452957209,3.7042540637755956e-06,-1.1402986267672333e-05,1.1402986267672333e-05
MS_heat_n6_gaaf_s2025,heat,6,gaaf,2025,MS,1.0,0.500290684699814,8.358696800234354e-06,0.5001441452957209,3.7042540637756155e-06,0.0001465394040930379,0.0001465394040930379
MS_heat_n6_gaaf_s777,heat,6,gaaf,777,MS,0.25,0.5001464959600664,3.7232231086020957e-06,0.5001441452957212,3.7042540637756282e-06,2.3506643452853027e-06,2.3506643452853027e-06
MS_heat_n6_gaaf_s777,heat,6,gaaf,777,MS,0.5,0.5001372661034618,3.481490575072662e-06,0.500144145295721,3.704254063775615e-06,-6.879192259279243e-06,6.879192259279243e-06
MS_heat_n6_gaaf_s777,heat,6,gaaf,777,MS,0.75,0.5001456985359812,3.7424570851191185e-06,0.5001441452957209,3.7042540637755956e-06,1.5532402602991269e-06,1.5532402602991269e-06
MS_heat_n6_gaaf_s777,heat,6,gaaf,777,MS,1.0,0.5001752082560876,4.557927229382766e-06,0.5001441452957209,3.7042540637756155e-06,3.10629603667012e-05,3.10629603667012e-05
MS_heat_n6_twin_s1234,heat,6,twin,1234,MS,0.25,0.5001514388518968,3.884145312265539e-06,0.5001441452957212,3.7042540637756282e-06,7.2935561756803935e-06,7.2935561756803935e-06
MS_heat_n6_twin_s1234,heat,6,twin,1234,MS,0.5,0.5001357961153448,3.3923433184401873e-06,0.500144145295721,3.704254063775615e-06,-8.349180376288068e-06,8.349180376288068e-06
MS_heat_n6_twin_s1234,heat,6,twin,1234,MS,0.75,0.5001458414048054,3.7362981755807554e-06,0.5001441452957209,3.7042540637755956e-06,1.6961090845146742e-06,1.6961090845146742e-06
MS_heat_n6_twin_s1234,heat,6,twin,1234,MS,1.0,0.5001966454770185,5.435545752703528e-06,0.5001441452957209,3.7042540637756155e-06,5.2500181297543413e-05,5.2500181297543413e-05
MS_heat_n6_twin_s2025,heat,6,twin,2025,MS,0.25,0.500123198712619,2.855323524031102e-06,0.5001441452957212,3.7042540637756282e-06,-2.0946583102143812e-05,2.0946583102143812e-05
MS_heat_n6_twin_s2025,heat,6,twin,2025,MS,0.5,0.5001060175392419,2.6464571653294835e-06,0.500144145295721,3.704254063775615e-06,-3.8127756479156005e-05,3.8127756479156005e-05
MS_heat_n6_twin_s2025,heat,6,twin,2025,MS,0.75,0.500145304769103,4.177081341056141e-06,0.5001441452957209,3.7042540637755956e-06,1.1594733820841086e-06,1.1594733820841086e-06
MS_heat_n6_twin_s2025,heat,6,twin,2025,MS,1.0,0.5005085267690099,1.4953921116241167e-05,0.5001441452957209,3.7042540637756155e-06,0.0003643814732889883,0.0003643814732889883
MS_heat_n6_twin_s777_r1,heat,6,twin,777,MS,0.25,0.5001434179345408,3.5692765124815274e-06,0.5001441452957212,3.7042540637756282e-06,-7.273611803970681e-07,7.273611803970681e-07
MS_heat_n6_twin_s777_r1,heat,6,twin,777,MS,0.5,0.5001252063239018,3.0554642032699876e-06,0.500144145295721,3.704254063775615e-06,-1.8938971819260075e-05,1.8938971819260075e-05
MS_heat_n6_twin_s777_r1,heat,6,twin,777,MS,0.75,0.5001487085885653,3.8905494368365065e-06,0.5001441452957209,3.7042540637755956e-06,4.563292844372846e-06,4.563292844372846e-06
MS_heat_n6_twin_s777_r1,heat,6,twin,777,MS,1.0,0.500256276279014,7.24352334429226e-06,0.5001441452957209,3.7042540637756155e-06,0.00011213098329310167,0.00011213098329310167
MS_heat_n7_gaaf_s1234_r1,heat,7,gaaf,1234,MS,0.25,0.5001594954204767,4.087351881883221e-06,0.5001441452957212,3.7042540637756282e-06,1.5350124755508787e-05,1.5350124755508787e-05
MS_heat_n7_gaaf_s1234_r1,heat,7,gaaf,1234,MS,0.5,0.5001237815751766,3.0140790217894805e-06,0.500144145295721,3.704254063775615e-06,-2.0363720544480657e-05,2.0363720544480657e-05
MS_heat_n7_gaaf_s1234_r1,heat,7,gaaf,1234,MS,0.75,0.5001301454581055,3.315774232896332e-06,0.5001441452957209,3.7042540637755956e-06,-1.399983761540824e-05,1.399983761540824e-05
MS_heat_n7_gaaf_s1234_r1,heat,7,gaaf,1234,MS,1.0,0.5003247041249538,9.286235798876839e-06,0.5001441452957209,3.7042540637756155e-06,0.00018055882923284639,0.00018055882923284639
MS_heat_n7_gaaf_s2025,heat,7,gaaf,2025,MS,0.25,0.5001397243382363,3.4499561385759785e-06,0.5001441452957212,3.7042540637756282e-06,-4.420957484874144e-06,4.420957484874144e-06
MS_heat_n7_gaaf_s2025,heat,7,gaaf,2025,MS,0.5,0.5001039413478573,2.509152716236708e-06,0.500144145295721,3.704254063775615e-06,-4.020394786374837e-05,4.020394786374837e-05
MS_heat_n7_gaaf_s2025,heat,7,gaaf,2025,MS,0.75,0.5001394290239282,3.737945486070645e-06,0.5001441452957209,3.7042540637755956e-06,-4.7162717927706765e-06,4.7162717927706765e-06
MS_heat_n7_gaaf_s2025,heat,7,gaaf,2025,MS,1.0,0.5004033787805912,1.1896617043922565e-05,0.5001441452957209,3.7042540637756155e-06,0.0002592334848702249,0.0002592334848702249
MS_heat_n7_gaaf_s777_r1,heat,7,gaaf,777,MS,0.25,0.50015459711052,3.7866858563900485e-06,0.5001441452957212,3.7042540637756282e-06,1.0451814798861925e-05,1.0451814798861925e-05
MS_heat_n7_gaaf_s777_r1,heat,7,gaaf,777,MS,0.5,0.500107163085182,2.5516829131014214e-06,0.500144145295721,3.704254063775615e-06,-3.6982210539049376e-05,3.6982210539049376e-05
MS_heat_n7_gaaf_s777_r1,heat,7,gaaf,777,MS,0.75,0.5001286133116213,3.5352945231538097e-06,0.5001441452957209,3.7042540637755956e-06,-1.5531984099648177e-05,1.5531984099648177e-05
MS_heat_n7_gaaf_s777_r1,heat,7,gaaf,777,MS,1.0,0.5005093572625975,1.5102544004767606e-05,0.5001441452957209,3.7042540637756155e-06,0.0003652119668765552,0.0003652119668765552
MS_heat_n7_twin_s1234,heat,7,twin,1234,MS,0.25,0.5001460860829872,3.7582389839873786e-06,0.5001441452957212,3.7042540637756282e-06,1.940787266008215e-06,1.940787266008215e-06
MS_heat_n7_twin_s1234,heat,7,twin,1234,MS,0.5,0.5001289018987835,3.303807289066351e-06,0.500144145295721,3.704254063775615e-06,-1.5243396937592024e-05,1.5243396937592024e-05
MS_heat_n7_twin_s1234,heat,7,twin,1234,MS,0.75,0.5001391839932837,3.554460929511026e-06,0.5001441452957209,3.7042540637755956e-06,-4.961302437211934e-06,4.961302437211934e-06
MS_heat_n7_twin_s1234,heat,7,twin,1234,MS,1.0,0.500198988680482,5.051952613922442e-06,0.5001441452957209,3.7042540637756155e-06,5.484338476102746e-05,5.484338476102746e-05
MS_heat_n7_twin_s2025,heat,7,twin,2025,MS,0.25,0.5000622487720731,3.146767103334862e-08,0.5001441452957212,3.7042540637756282e-06,-8.189652364809508e-05,8.189652364809508e-05
MS_heat_n7_twin_s2025,heat,7,twin,2025,MS,0.5,0.5001344848013473,3.3393053681399056e-06,0.500144145295721,3.704254063775615e-06,-9.660494373786577e-06,9.660494373786577e-06
MS_heat_n7_twin_s2025,heat,7,twin,2025,MS,0.75,0.5006179161472337,1.8211462177312655e-05,0.5001441452957209,3.7042540637755956e-06,0.0004737708515127892,0.0004737708515127892
MS_heat_n7_twin_s2025,heat,7,twin,2025,MS,1.0,0.5010078139496102,2.878892143031193e-05,0.5001441452957209,3.7042540637756155e-06,0.0008636686538893157,0.0008636686538893157
MS_heat_n7_twin_s777_r1,heat,7,twin,777,MS,0.25,0.5001561300876819,3.892991701803459e-06,0.5001441452957212,3.7042540637756282e-06,1.1984791960739649e-05,1.1984791960739649e-05
MS_heat_n7_twin_s777_r1,heat,7,twin,777,MS,0.5,0.5001181798589323,2.8746165439797257e-06,0.500144145295721,3.704254063775615e-06,-2.5965436788788487e-05,2.5965436788788487e-05
MS_heat_n7_twin_s777_r1,heat,7,twin,777,MS,0.75,0.5001442799253554,3.867713870879366e-06,0.5001441452957209,3.7042540637755956e-06,1.346296344406639e-07,1.346296344406639e-07
MS_heat_n7_twin_s777_r1,heat,7,twin,777,MS,1.0,0.5004454869075983,1.3014378008236533e-05,0.5001441452957209,3.7042540637756155e-06,0.0003013416118773371,0.0003013416118773371
MS_heat_n8_gaaf_s1234,heat,8,gaaf,1234,MS,0.25,0.5001656818560253,4.156436073101964e-06,0.5001441452957212,3.7042540637756282e-06,2.1536560304125096e-05,2.1536560304125096e-05
MS_heat_n8_gaaf_s1234,heat,8,gaaf,1234,MS,0.5,0.5001163039314422,2.793011636393944e-06,0.500144145295721,3.704254063775615e-06,-2.784136427880224e-05,2.784136427880224e-05
MS_heat_n8_gaaf_s1234,heat,8,gaaf,1234,MS,0.75,0.5001397343113936,3.692046970470779e-06,0.5001441452957209,3.7042540637755956e-06,-4.4109843273520966e-06,4.4109843273520966e-06
MS_heat_n8_gaaf_s1234,heat,8,gaaf,1234,MS,1.0,0.5003651327766891,1.0638358081678338e-05,0.5001441452957209,3.7042540637756155e-06,0.00022098748096821552,0.00022098748096821552
MS_heat_n8_gaaf_s2025_r1,heat,8,gaaf,2025,MS,0.25,0.500141893078036,3.3565055853166533e-06,0.5001441452957212,3.7042540637756282e-06,-2.252217685128066e-06,2.252217685128066e-06
MS_heat_n8_gaaf_s2025_r1,heat,8,gaaf,2025,MS,0.5,0.5001023470865118,2.4409506193838204e-06,0.500144145295721,3.704254063775615e-06,-4.179820920924282e-05,4.179820920924282e-05
MS_heat_n8_gaaf_s2025_r1,heat,8,gaaf,2025,MS,0.75,0.5001253186466312,3.5703398447154113e-06,0.5001441452957209,3.7042540637755956e-06,-1.8826649089698222e-05,1.8826649089698222e-05
MS_heat_n8_gaaf_s2025_r1,heat,8,gaaf,2025,MS,1.0,0.5005490020348785,1.63577357913375e-05,0.5001441452957209,3.7042540637756155e-06,0.00040485673915757747,0.00040485673915757747
MS_heat_n8_gaaf_s777,heat,8,gaaf,777,MS,0.25,0.5001384054919094,3.526296549302538e-06,0.5001441452957212,3.7042540637756282e-06,-5.739803811799504e-06,5.739803811799504e-06
MS_heat_n8_gaaf_s777,heat,8,gaaf,777,MS,0.5,0.5001467483554313,3.7471286997083145e-06,0.500144145295721,3.704254063775615e-06,2.603059710226674e-06,2.603059710226674e-06
MS_heat_n8_gaaf_s777,heat,8,gaaf,777,MS,0.75,0.5001532311562742,3.907982443706196e-06,0.5001441452957209,3.7042540637755956e-06,9.08586055325955e-06,9.08586055325955e-06
MS_heat_n8_gaaf_s777,heat,8,gaaf,777,MS,1.0,0.5001402533862994,3.537041838376584e-06,0.5001441452957209,3.7042540637756155e-06,-3.891909421516182e-06,3.891909421516182e-06
MS_heat_n8_twin_s1234,heat,8,twin,1234,MS,0.25,0.500145800755027,3.68124779998969e-06,0.5001441452957212,3.7042540637756282e-06,1.6554593058604183e-06,1.6554593058604183e-06
MS_heat_n8_twin_s1234,heat,8,twin,1234,MS,0.5,0.5001379452763348,3.4787531446449808e-06,0.500144145295721,3.704254063775615e-06,-6.200019386226607e-06,6.200019386226607e-06
MS_heat_n8_twin_s1234,heat,8,twin,1234,MS,0.75,0.5001381890316967,3.5971966651055057e-06,0.5001441452957209,3.7042540637755956e-06,-5.956264024220559e-06,5.956264024220559e-06
MS_heat_n8_twin_s1234,heat,8,twin,1234,MS,1.0,0.5002159873685333,5.922609101918114e-06,0.5001441452957209,3.7042540637756155e-06,7.18420728124114e-05,7.18420728124114e-05
MS_heat_n8_twin_s2025,heat,8,twin,2025,MS,0.25,0.5001625693185847,4.19323731768449e-06,0.5001441452957212,3.7042540637756282e-06,1.8424022863561262e-05,1.8424022863561262e-05
MS_heat_n8_twin_s2025,heat,8,twin,2025,MS,0.5,0.5001282178992519,3.0958262958818946e-06,0.500144145295721,3.704254063775615e-06,-1.592739646916197e-05,1.592739646916197e-05
MS_heat_n8_twin_s2025,heat,8,twin,2025,MS,0.75,0.5001386875729578,3.486253427826786e-06,0.5001441452957209,3.7042540637755956e-06,-5.457722763169137e-06,5.457722763169137e-06
MS_heat_n8_twin_s2025,heat,8,twin,2025,MS,1.0,0.500251597220924,7.15698859925799e-06,0.5001441452957209,3.7042540637756155e-06,0.00010745192520311697,0.00010745192520311697
MS_heat_n8_twin_s777,heat,8,twin,777,MS,0.25,0.5001430104679486,3.6310344328011513e-06,0.5001441452957212,3.7042540637756282e-06,-1.134827772530933e-06,1.134827772530933e-06
MS_heat_n8_twin_s777,heat,8,twin,777,MS,0.5,0.5001492444103236,3.846167423963626e-06,0.500144145295721,3.704254063775615e-06,5.099114602558075e-06,5.099114602558075e-06
MS_heat_n8_twin_s777,heat,8,twin,777,MS,0.75,0.5001470297876552,3.7940222472013363e-06,0.5001441452957209,3.7042540637755956e-06,2.8844919343073983e-06,2.8844919343073983e-06
MS_heat_n8_twin_s777,heat,8,twin,777,MS,1.0,0.500133251655855,3.4002717156315942e-06,0.5001441452957209,3.7042540637756155e-06,-1.0893639865949822e-05,1.0893639865949822e-05
MS_heat_n3_qapinn_s1234,heat,3,qapinn,1234,MS,0.25,0.500138171109343,3.7171909849471244e-06,0.5001441452957212,3.7042540637756282e-06,-5.974186378154833e-06,5.974186378154833e-06
MS_heat_n3_qapinn_s1234,heat,3,qapinn,1234,MS,0.5,0.5001731697671188,4.684550050756598e-06,0.500144145295721,3.704254063775615e-06,2.902447139774278e-05,2.902447139774278e-05
MS_heat_n3_qapinn_s1234,heat,3,qapinn,1234,MS,0.75,0.5001663839015044,4.147682522096596e-06,0.5001441452957209,3.7042540637755956e-06,2.2238605783431176e-05,2.2238605783431176e-05
MS_heat_n3_qapinn_s1234,heat,3,qapinn,1234,MS,1.0,0.5000705966104788,1.3772031549307943e-06,0.5001441452957209,3.7042540637756155e-06,-7.354868524211966e-05,7.354868524211966e-05
MS_heat_n3_qapinn_s2025,heat,3,qapinn,2025,MS,0.25,0.5001418268913101,3.6535087215486267e-06,0.5001441452957212,3.7042540637756282e-06,-2.3184044110058366e-06,2.3184044110058366e-06
MS_heat_n3_qapinn_s2025,heat,3,qapinn,2025,MS,0.5,0.5001430390614461,3.667506436507023e-06,0.500144145295721,3.704254063775615e-06,-1.1062342749612597e-06,1.1062342749612597e-06
MS_heat_n3_qapinn_s2025,heat,3,qapinn,2025,MS,0.75,0.5001528502590926,3.903290097702179e-06,0.5001441452957209,3.7042540637755956e-06,8.704963371686247e-06,8.704963371686247e-06
MS_heat_n3_qapinn_s2025,heat,3,qapinn,2025,MS,1.0,0.5001550333083844,4.068981442637284e-06,0.5001441452957209,3.7042540637756155e-06,1.088801266346806e-05,1.088801266346806e-05
MS_heat_n3_qapinn_s777,heat,3,qapinn,777,MS,0.25,0.500109114175657,2.8718338738155446e-06,0.5001441452957212,3.7042540637756282e-06,-3.5031120064199506e-05,3.5031120064199506e-05
MS_heat_n3_qapinn_s777,heat,3,qapinn,777,MS,0.5,0.5001973338507449,5.629294274767029e-06,0.500144145295721,3.704254063775615e-06,5.318855502389752e-05,5.318855502389752e-05
MS_heat_n3_qapinn_s777,heat,3,qapinn,777,MS,0.75,0.5001888185046965,4.742487027761645e-06,0.5001441452957209,3.7042540637755956e-06,4.467320897560967e-05,4.467320897560967e-05
MS_heat_n3_qapinn_s777,heat,3,qapinn,777,MS,1.0,0.5000410514908518,1.0152754598609221e-07,0.5001441452957209,3.7042540637756155e-06,-0.00010309380486916986,0.00010309380486916986
MS_heat_n4_qapinn_s1234,heat,4,qapinn,1234,MS,0.25,0.5001315548824564,3.4444722339986686e-06,0.5001441452957212,3.7042540637756282e-06,-1.2590413264734757e-05,1.2590413264734757e-05
MS_heat_n4_qapinn_s1234,heat,4,qapinn,1234,MS,0.5,0.5001609697420162,4.273182704630095e-06,0.500144145295721,3.704254063775615e-06,1.682444629513835e-05,1.682444629513835e-05
MS_heat_n4_qapinn_s1234,heat,4,qapinn,1234,MS,0.75,0.5001660516855073,4.218515517980703e-06,0.5001441452957209,3.7042540637755956e-06,2.1906389786385816e-05,2.1906389786385816e-05
MS_heat_n4_qapinn_s1234,heat,4,qapinn,1234,MS,1.0,0.500061884259349,1.237423354790186e-06,0.5001441452957209,3.7042540637756155e-06,-8.226103637187787e-05,8.226103637187787e-05
MS_heat_n4_qapinn_s2025,heat,4,qapinn,2025,MS,0.25,0.5001735708803634,4.9304744881894316e-06,0.5001441452957212,3.7042540637756282e-06,2.9425584642250868e-05,2.9425584642250868e-05
MS_heat_n4_qapinn_s2025,heat,4,qapinn,2025,MS,0.5,0.5003162677702915,9.391510621906942e-06,0.500144145295721,3.704254063775615e-06,0.00017212247457043528,0.00017212247457043528
MS_heat_n4_qapinn_s2025,heat,4,qapinn,2025,MS,0.75,0.5000920856257492,2.1006115528181066e-06,0.5001441452957209,3.7042540637755956e-06,-5.205966997168243e-05,5.205966997168243e-05
MS_heat_n4_qapinn_s2025,heat,4,qapinn,2025,MS,1.0,0.5003471239208107,1.0995602827469394e-05,0.5001441452957209,3.7042540637756155e-06,0.00020297862508977804,0.00020297862508977804
MS_heat_n4_qapinn_s777,heat,4,qapinn,777,MS,0.25,0.5001306376097171,3.3396623931989742e-06,0.5001441452957212,3.7042540637756282e-06,-1.3507686004055053e-05,1.3507686004055053e-05
MS_heat_n4_qapinn_s777,heat,4,qapinn,777,MS,0.5,0.5001418324628035,3.7290676706610053e-06,0.500144145295721,3.704254063775615e-06,-2.3128329175170492e-06,2.3128329175170492e-06
MS_heat_n4_qapinn_s777,heat,4,qapinn,777,MS,0.75,0.5001608026978054,4.130584859561093e-06,0.5001441452957209,3.7042540637755956e-06,1.6657402084452322e-05,1.6657402084452322e-05
MS_heat_n4_qapinn_s777,heat,4,qapinn,777,MS,1.0,0.5001259030677159,3.140770232844777e-06,0.5001441452957209,3.7042540637756155e-06,-1.8242228005060923e-05,1.8242228005060923e-05
MS_heat_n5_qapinn_s1234,heat,5,qapinn,1234,MS,0.25,0.5001470518683395,3.889970172674533e-06,0.5001441452957212,3.7042540637756282e-06,2.9065726183663543e-06,2.9065726183663543e-06
MS_heat_n5_qapinn_s1234,heat,5,qapinn,1234,MS,0.5,0.5001924713766209,5.081251062020017e-06,0.500144145295721,3.704254063775615e-06,4.8326080899885326e-05,4.8326080899885326e-05
MS_heat_n5_qapinn_s1234,heat,5,qapinn,1234,MS,0.75,0.5001638565592011,3.860063524066264e-06,0.5001441452957209,3.7042540637755956e-06,1.9711263480215457e-05,1.9711263480215457e-05
MS_heat_n5_qapinn_s1234,heat,5,qapinn,1234,MS,1.0,0.5000199073889422,9.261311255687793e-08,0.5001441452957209,3.7042540637756155e-06,-0.0001242379067787347,0.0001242379067787347
MS_heat_n5_qapinn_s2025,heat,5,qapinn,2025,MS,0.25,0.5001601517988196,4.133568457214843e-06,0.5001441452957212,3.7042540637756282e-06,1.600650309840912e-05,1.600650309840912e-05
MS_heat_n5_qapinn_s2025,heat,5,qapinn,2025,MS,0.5,0.5001461044521197,3.6772002343159983e-06,0.500144145295721,3.704254063775615e-06,1.9591563986676164e-06,1.9591563986676164e-06
MS_heat_n5_qapinn_s2025,heat,5,qapinn,2025,MS,0.75,0.5001308874661117,3.3296178770040156e-06,0.5001441452957209,3.7042540637755956e-06,-1.325782960925892e-05,1.325782960925892e-05
MS_heat_n5_qapinn_s2025,heat,5,qapinn,2025,MS,1.0,0.5002076640562481,5.717446662004034e-06,0.5001441452957209,3.7042540637756155e-06,6.35187605271259e-05,6.35187605271259e-05
MS_heat_n5_qapinn_s777,heat,5,qapinn,777,MS,0.25,0.5001485722289724,3.83065175261265e-06,0.5001441452957212,3.7042540637756282e-06,4.42693325120036e-06,4.42693325120036e-06
MS_heat_n5_qapinn_s777,heat,5,qapinn,777,MS,0.5,0.5001504066104986,3.885243486141528e-06,0.500144145295721,3.704254063775615e-06,6.261314777544769e-06,6.261314777544769e-06
MS_heat_n5_qapinn_s777,heat,5,qapinn,777,MS,0.75,0.5001353504667504,3.421406737035816e-06,0.5001441452957209,3.7042540637755956e-06,-8.794828970537516e-06,8.794828970537516e-06
MS_heat_n5_qapinn_s777,heat,5,qapinn,777,MS,1.0,0.5000902875323803,2.1216882304158926e-06,0.5001441452957209,3.7042540637756155e-06,-5.385776334065895e-05,5.385776334065895e-05
MS_heat_n6_qapinn_s1234,heat,6,qapinn,1234,MS,0.25,0.5001368762733985,3.616981624714555e-06,0.5001441452957212,3.7042540637756282e-06,-7.269022322620167e-06,7.269022322620167e-06
MS_heat_n6_qapinn_s1234,heat,6,qapinn,1234,MS,0.5,0.5001836509117377,4.846096460149785e-06,0.500144145295721,3.704254063775615e-06,3.9505616016621836e-05,3.9505616016621836e-05
MS_heat_n6_qapinn_s1234,heat,6,qapinn,1234,MS,0.75,0.500182301102125,4.377279457905962e-06,0.5001441452957209,3.7042540637755956e-06,3.815580640409433e-05,3.815580640409433e-05
MS_heat_n6_qapinn_s1234,heat,6,qapinn,1234,MS,1.0,0.5000450555524638,6.128933096315819e-07,0.5001441452957209,3.7042540637756155e-06,-9.908974325711917e-05,9.908974325711917e-05
MS_heat_n6_qapinn_s2025,heat,6,qapinn,2025,MS,0.25,0.5001420961563144,3.76741370143312e-06,0.5001441452957212,3.7042540637756282e-06,-2.0491394067123636e-06,2.0491394067123636e-06
MS_heat_n6_qapinn_s2025,heat,6,qapinn,2025,MS,0.5,0.5001594715673411,4.1170135162382755e-06,0.500144145295721,3.704254063775615e-06,1.5326271620041965e-05,1.5326271620041965e-05
MS_heat_n6_qapinn_s2025,heat,6,qapinn,2025,MS,0.75,0.5001349253823356,3.3412439655496185e-06,0.5001441452957209,3.7042540637755956e-06,-9.21991338531658e-06,9.21991338531658e-06
MS_heat_n6_qapinn_s2025,heat,6,qapinn,2025,MS,1.0,0.5001108729191928,2.7739327459719143e-06,0.5001441452957209,3.7042540637756155e-06,-3.327237652817061e-05,3.327237652817061e-05
MS_heat_n6_qapinn_s777,heat,6,qapinn,777,MS,0.25,0.5001504912692991,3.8041586395579143e-06,0.5001441452957212,3.7042540637756282e-06,6.345973577959185e-06,6.345973577959185e-06
MS_heat_n6_qapinn_s777,heat,6,qapinn,777,MS,0.5,0.5001374116159324,3.5024016594523447e-06,0.500144145295721,3.704254063775615e-06,-6.733679788650804e-06,6.733679788650804e-06
MS_heat_n6_qapinn_s777,heat,6,qapinn,777,MS,0.75,0.5001348399785461,3.5055892493163573e-06,0.5001441452957209,3.7042540637755956e-06,-9.30531717480143e-06,9.30531717480143e-06
MS_heat_n6_qapinn_s777,heat,6,qapinn,777,MS,1.0,0.5001499210941571,3.942204827361492e-06,0.5001441452957209,3.7042540637756155e-06,5.7757984361916925e-06,5.7757984361916925e-06
MS_heat_n7_qapinn_s1234,heat,7,qapinn,1234,MS,0.25,0.500159487505566,4.2972723047051344e-06,0.5001441452957212,3.7042540637756282e-06,1.5342209844892984e-05,1.5342209844892984e-05
MS_heat_n7_qapinn_s1234,heat,7,qapinn,1234,MS,0.5,0.5002067102617038,5.5088853879313055e-06,0.500144145295721,3.704254063775615e-06,6.256496598278094e-05,6.256496598278094e-05
MS_heat_n7_qapinn_s1234,heat,7,qapinn,1234,MS,0.75,0.5001529979387352,3.6308332797849786e-06,0.5001441452957209,3.7042540637755956e-06,8.8526430143121e-06,8.8526430143121e-06
MS_heat_n7_qapinn_s1234,heat,7,qapinn,1234,MS,1.0,0.5000292926259124,3.1090236060712796e-07,0.5001441452957209,3.7042540637756155e-06,-0.00011485266980848508,0.00011485266980848508
MS_heat_n7_qapinn_s2025,heat,7,qapinn,2025,MS,0.25,0.5001654254313965,4.4052107883156e-06,0.5001441452957212,3.7042540637756282e-06,2.1280135675372236e-05,2.1280135675372236e-05
MS_heat_n7_qapinn_s2025,heat,7,qapinn,2025,MS,0.5,0.5002074227327661,5.661286717152471e-06,0.500144145295721,3.704254063775615e-06,6.327743704503952e-05,6.327743704503952e-05
MS_heat_n7_qapinn_s2025,heat,7,qapinn,2025,MS,0.75,0.5001468337112577,3.568084228891144e-06,0.5001441452957209,3.7042540637755956e-06,2.6884155367445928e-06,2.6884155367445928e-06
MS_heat_n7_qapinn_s2025,heat,7,qapinn,2025,MS,1.0,0.500051945236551,3.974830159986559e-07,0.5001441452957209,3.7042540637756155e-06,-9.220005916987795e-05,9.220005916987795e-05
MS_heat_n7_qapinn_s777,heat,7,qapinn,777,MS,0.25,0.5001544821174093,4.062140818759705e-06,0.5001441452957212,3.7042540637756282e-06,1.0336821688161635e-05,1.0336821688161635e-05
MS_heat_n7_qapinn_s777,heat,7,qapinn,777,MS,0.5,0.5001272232400596,3.2015592038169378e-06,0.500144145295721,3.704254063775615e-06,-1.6922055661394708e-05,1.6922055661394708e-05
MS_heat_n7_qapinn_s777,heat,7,qapinn,777,MS,0.75,0.5001147400174123,2.897541251273369e-06,0.5001441452957209,3.7042540637755956e-06,-2.9405278308636262e-05,2.9405278308636262e-05
MS_heat_n7_qapinn_s777,heat,7,qapinn,777,MS,1.0,0.5004051471808851,1.2144985452884228e-05,0.5001441452957209,3.7042540637756155e-06,0.00026100188516420264,0.00026100188516420264
MS_heat_n8_qapinn_s1234,heat,8,qapinn,1234,MS,0.25,0.5001110251307855,2.7900976251102315e-06,0.5001441452957212,3.7042540637756282e-06,-3.312016493561831e-05,3.312016493561831e-05
MS_heat_n8_qapinn_s1234,heat,8,qapinn,1234,MS,0.5,0.5001810276113727,4.9218469994065936e-06,0.500144145295721,3.704254063775615e-06,3.6882315651687314e-05,3.6882315651687314e-05
MS_heat_n8_qapinn_s1234,heat,8,qapinn,1234,MS,0.75,0.5002210963029708,5.652050167001468e-06,0.5001441452957209,3.7042540637755956e-06,7.695100724991466e-05,7.695100724991466e-05
MS_heat_n8_qapinn_s1234,heat,8,qapinn,1234,MS,1.0,0.500043851754886,5.366026614802933e-07,0.5001441452957209,3.7042540637756155e-06,-0.00010029354083496145,0.00010029354083496145
MS_heat_n8_qapinn_s2025,heat,8,qapinn,2025,MS,0.25,0.5001720397824484,4.604437988574334e-06,0.5001441452957212,3.7042540637756282e-06,2.7894486727242374e-05,2.7894486727242374e-05
MS_heat_n8_qapinn_s2025,heat,8,qapinn,2025,MS,0.5,0.5001226685433565,2.952255282733468e-06,0.500144145295721,3.704254063775615e-06,-2.1476752364524287e-05,2.1476752364524287e-05
MS_heat_n8_qapinn_s2025,heat,8,qapinn,2025,MS,0.75,0.5000980559884968,2.4573089114563237e-06,0.5001441452957209,3.7042540637755956e-06,-4.6089307224161935e-05,4.6089307224161935e-05
MS_heat_n8_qapinn_s2025,heat,8,qapinn,2025,MS,1.0,0.5003921984261978,1.1832357159760739e-05,0.5001441452957209,3.7042540637756155e-06,0.00024805313047682187,0.00024805313047682187
MS_heat_n8_qapinn_s777,heat,8,qapinn,777,MS,0.25,0.5000895074682572,2.2713076331852984e-06,0.5001441452957212,3.7042540637756282e-06,-5.4637827463954736e-05,5.4637827463954736e-05
MS_heat_n8_qapinn_s777,heat,8,qapinn,777,MS,0.5,0.5001156611967235,3.411938805173871e-06,0.500144145295721,3.704254063775615e-06,-2.8484098997583196e-05,2.8484098997583196e-05
MS_heat_n8_qapinn_s777,heat,8,qapinn,777,MS,0.75,0.5001968368657661,5.592911342143049e-06,0.5001441452957209,3.7042540637755956e-06,5.269157004517133e-05,5.269157004517133e-05
MS_heat_n8_qapinn_s777,heat,8,qapinn,777,MS,1.0,0.5004046050930384,9.646329227737412e-06,0.5001441452957209,3.7042540637756155e-06,0.0002604597973174805,0.0002604597973174805
MS_burgers_n3_qapinn_s1234,burgers,3,qapinn,1234,MS,0.25,0.5526927485326467,1.2531790565232188e-06,0.5527385042446051,1.40434210757614e-06,-4.575571195841732e-05,4.575571195841732e-05
MS_burgers_n3_qapinn_s1234,burgers,3,qapinn,1234,MS,0.5,0.6104918302509936,1.1218231622039204e-06,0.610342190741679,9.955402581416152e-07,0.00014963950931468073,0.00014963950931468073
MS_burgers_n3_qapinn_s1234,burgers,3,qapinn,1234,MS,0.75,0.6157302318797702,9.699256764678461e-07,0.6155906794316344,9.338412206059664e-07,0.00013955244813579348,0.00013955244813579348
MS_burgers_n3_qapinn_s1234,burgers,3,qapinn,1234,MS,1.0,0.6014734344067324,7.744912076339006e-07,0.601216735606354,9.634290999399992e-07,0.00025669880037837434,0.00025669880037837434
MS_burgers_n3_qapinn_s2025,burgers,3,qapinn,2025,MS,0.25,0.5448646487129604,7.626517922681082e-07,0.5527385042446051,1.40434210757614e-06,-0.007873855531644769,0.007873855531644769
MS_burgers_n3_qapinn_s2025,burgers,3,qapinn,2025,MS,0.5,0.6057455164811802,7.161522406928819e-06,0.610342190741679,9.955402581416152e-07,-0.004596674260498701,0.004596674260498701
MS_burgers_n3_qapinn_s2025,burgers,3,qapinn,2025,MS,0.75,0.6248021175390641,8.81210878758795e-07,0.6155906794316344,9.338412206059664e-07,0.009211438107429748,0.009211438107429748
MS_burgers_n3_qapinn_s2025,burgers,3,qapinn,2025,MS,1.0,0.6025807550853732,1.83870452409862e-06,0.601216735606354,9.634290999399992e-07,0.0013640194790192073,0.0013640194790192073
MS_burgers_n3_qapinn_s31415,burgers,3,qapinn,31415,MS,0.25,0.5514575338879094,5.113729152303004e-06,0.5527385042446051,1.40434210757614e-06,-0.001280970356695721,0.001280970356695721
MS_burgers_n3_qapinn_s31415,burgers,3,qapinn,31415,MS,0.5,0.6112428184569006,2.8577543122529875e-07,0.610342190741679,9.955402581416152e-07,0.0009006277152217024,0.0009006277152217024
MS_burgers_n3_qapinn_s31415,burgers,3,qapinn,31415,MS,0.75,0.6147895650920004,1.5862194181420267e-07,0.6155906794316344,9.338412206059664e-07,-0.0008011143396339238,0.0008011143396339238
MS_burgers_n3_qapinn_s31415,burgers,3,qapinn,31415,MS,1.0,0.6012148998031812,8.619570719651094e-06,0.601216735606354,9.634290999399992e-07,-1.835803172811623e-06,1.835803172811623e-06
MS_burgers_n3_qapinn_s777,burgers,3,qapinn,777,MS,0.25,0.5515862310737937,3.7913461216350345e-06,0.5527385042446051,1.40434210757614e-06,-0.0011522731708114575,0.0011522731708114575
MS_burgers_n3_qapinn_s777,burgers,3,qapinn,777,MS,0.5,0.6102391630286317,5.76796601829779e-07,0.610342190741679,9.955402581416152e-07,-0.00010302771304726566,0.00010302771304726566
MS_burgers_n3_qapinn_s777,burgers,3,qapinn,777,MS,0.75,0.6156697675905319,1.4285702767344883e-07,0.6155906794316344,9.338412206059664e-07,7.908815889756671e-05,7.908815889756671e-05
MS_burgers_n3_qapinn_s777,burgers,3,qapinn,777,MS,1.0,0.6016963072475981,9.159189941801235e-06,0.601216735606354,9.634290999399992e-07,0.0004795716412441253,0.0004795716412441253
MS_burgers_n3_qapinn_s8080,burgers,3,qapinn,8080,MS,0.25,0.5517067897179211,3.276377840618374e-06,0.5527385042446051,1.40434210757614e-06,-0.0010317145266840466,0.0010317145266840466
MS_burgers_n3_qapinn_s8080,burgers,3,qapinn,8080,MS,0.5,0.6103219370403348,8.875360022320831e-07,0.610342190741679,9.955402581416152e-07,-2.0253701344175035e-05,2.0253701344175035e-05
MS_burgers_n3_qapinn_s8080,burgers,3,qapinn,8080,MS,0.75,0.6150715968161461,5.626104926532918e-07,0.6155906794316344,9.338412206059664e-07,-0.0005190826154882755,0.0005190826154882755
MS_burgers_n3_qapinn_s8080,burgers,3,qapinn,8080,MS,1.0,0.6020051704696959,9.595837150304737e-07,0.601216735606354,9.634290999399992e-07,0.0007884348633419025,0.0007884348633419025
MS_burgers_n3_twin_s31415,burgers,3,twin,31415,MS,0.25,0.5525640751714566,2.3243883944577342e-06,0.5527385042446051,1.40434210757614e-06,-0.00017442907314857425,0.00017442907314857425
MS_burgers_n3_twin_s31415,burgers,3,twin,31415,MS,0.5,0.6101933778820178,4.5318496580910323e-07,0.610342190741679,9.955402581416152e-07,-0.00014881285966117375,0.00014881285966117375
MS_burgers_n3_twin_s31415,burgers,3,twin,31415,MS,0.75,0.6159613281926378,5.184085497262623e-07,0.6155906794316344,9.338412206059664e-07,0.0003706487610034559,0.0003706487610034559
MS_burgers_n3_twin_s31415,burgers,3,twin,31415,MS,1.0,0.6014290693923046,3.5916352712428268e-06,0.601216735606354,9.634290999399992e-07,0.00021233378595053587,0.00021233378595053587
MS_burgers_n3_twin_s8080,burgers,3,twin,8080,MS,0.25,0.5501212026184444,1.6638183225113193e-06,0.5527385042446051,1.40434210757614e-06,-0.002617301626160695,0.002617301626160695
MS_burgers_n3_twin_s8080,burgers,3,twin,8080,MS,0.5,0.6121653442008127,6.245998182785744e-07,0.610342190741679,9.955402581416152e-07,0.0018231534591337528,0.0018231534591337528
MS_burgers_n3_twin_s8080,burgers,3,twin,8080,MS,0.75,0.616848417751768,6.130650939622003e-07,0.6155906794316344,9.338412206059664e-07,0.00125773832013365,0.00125773832013365
MS_burgers_n3_twin_s8080,burgers,3,twin,8080,MS,1.0,0.5945966385495458,1.4854824273762934e-06,0.601216735606354,9.634290999399992e-07,-0.006620097056808216,0.006620097056808216
MS_burgers_n4_qapinn_s1234,burgers,4,qapinn,1234,MS,0.25,0.5525462375524716,1.8704536159667555e-06,0.5527385042446051,1.40434210757614e-06,-0.00019226669213356917,0.00019226669213356917
MS_burgers_n4_qapinn_s1234,burgers,4,qapinn,1234,MS,0.5,0.6104408769825276,1.121234632652648e-06,0.610342190741679,9.955402581416152e-07,9.868624084863331e-05,9.868624084863331e-05
MS_burgers_n4_qapinn_s1234,burgers,4,qapinn,1234,MS,0.75,0.6158069789302494,7.200606386680801e-07,0.6155906794316344,9.338412206059664e-07,0.00021629949861501352,0.00021629949861501352
MS_burgers_n4_qapinn_s1234,burgers,4,qapinn,1234,MS,1.0,0.6009288585449062,2.3381828668727903e-07,0.601216735606354,9.634290999399992e-07,-0.00028787706144783876,0.00028787706144783876
MS_burgers_n4_qapinn_s2025,burgers,4,qapinn,2025,MS,0.25,0.5521196861878521,2.5223217988987812e-06,0.5527385042446051,1.40434210757614e-06,-0.0006188180567530122,0.0006188180567530122
MS_burgers_n4_qapinn_s2025,burgers,4,qapinn,2025,MS,0.5,0.6112690066515986,9.953695849934752e-07,0.610342190741679,9.955402581416152e-07,0.0009268159099196094,0.0009268159099196094
MS_burgers_n4_qapinn_s2025,burgers,4,qapinn,2025,MS,0.75,0.615658440282282,4.3336253996869754e-07,0.6155906794316344,9.338412206059664e-07,6.77608506476357e-05,6.77608506476357e-05
MS_burgers_n4_qapinn_s2025,burgers,4,qapinn,2025,MS,1.0,0.6004676166967735,2.02100447926647e-05,0.601216735606354,9.634290999399992e-07,-0.0007491189095805151,0.0007491189095805151
MS_burgers_n4_qapinn_s31415,burgers,4,qapinn,31415,MS,0.25,0.5523949575274981,2.4929478157547557e-06,0.5527385042446051,1.40434210757614e-06,-0.0003435467171070128,0.0003435467171070128
MS_burgers_n4_qapinn_s31415,burgers,4,qapinn,31415,MS,0.5,0.6102452375510347,8.753671315053023e-07,0.610342190741679,9.955402581416152e-07,-9.695319064428887e-05,9.695319064428887e-05
MS_burgers_n4_qapinn_s31415,burgers,4,qapinn,31415,MS,0.75,0.6156568163448886,8.002110098701337e-07,0.6155906794316344,9.338412206059664e-07,6.613691325418891e-05,6.613691325418891e-05
MS_burgers_n4_qapinn_s31415,burgers,4,qapinn,31415,MS,1.0,0.601210324294206,2.7644123972261297e-07,0.601216735606354,9.634290999399992e-07,-6.411312148069115e-06,6.411312148069115e-06
MS_burgers_n4_qapinn_s777,burgers,4,qapinn,777,MS,0.25,0.5532646139414252,1.8005862614321227e-06,0.5527385042446051,1.40434210757614e-06,0.0005261096968200984,0.0005261096968200984
MS_burgers_n4_qapinn_s777,burgers,4,qapinn,777,MS,0.5,0.6106989896938048,6.936997674437479e-07,0.610342190741679,9.955402581416152e-07,0.00035679895212581414,0.00035679895212581414
MS_burgers_n4_qapinn_s777,burgers,4,qapinn,777,MS,0.75,0.6161056777358418,5.993173199653472e-07,0.6155906794316344,9.338412206059664e-07,0.0005149983042074258,0.0005149983042074258
MS_burgers_n4_qapinn_s777,burgers,4,qapinn,777,MS,1.0,0.601488156825394,3.3750185696983475e-06,0.601216735606354,9.634290999399992e-07,0.00027142121904000227,0.00027142121904000227
MS_burgers_n4_qapinn_s8080,burgers,4,qapinn,8080,MS,0.25,0.5524886203209131,1.1994514083699802e-06,0.5527385042446051,1.40434210757614e-06,-0.0002498839236920736,0.0002498839236920736
MS_burgers_n4_qapinn_s8080,burgers,4,qapinn,8080,MS,0.5,0.6103188283027507,1.1460606951716872e-06,0.610342190741679,9.955402581416152e-07,-2.3362438928198337e-05,2.3362438928198337e-05
MS_burgers_n4_qapinn_s8080,burgers,4,qapinn,8080,MS,0.75,0.6161505506623887,7.495486398284372e-07,0.6155906794316344,9.338412206059664e-07,0.0005598712307542941,0.0005598712307542941
MS_burgers_n4_qapinn_s8080,burgers,4,qapinn,8080,MS,1.0,0.6013357503617242,1.215311473769477e-06,0.601216735606354,9.634290999399992e-07,0.00011901475537012818,0.00011901475537012818
MS_burgers_n4_twin_s31415,burgers,4,twin,31415,MS,0.25,0.552347534676264,1.2721234158813556e-06,0.5527385042446051,1.40434210757614e-06,-0.0003909695683411707,0.0003909695683411707
MS_burgers_n4_twin_s31415,burgers,4,twin,31415,MS,0.5,0.6099815074962636,1.0864539404278877e-06,0.610342190741679,9.955402581416152e-07,-0.000360683245415383,0.000360683245415383
MS_burgers_n4_twin_s31415,burgers,4,twin,31415,MS,0.75,0.6157576895976249,8.665034123451257e-07,0.6155906794316344,9.338412206059664e-07,0.0001670101659905221,0.0001670101659905221
MS_burgers_n4_twin_s31415,burgers,4,twin,31415,MS,1.0,0.6010343495830651,5.261113334514303e-07,0.601216735606354,9.634290999399992e-07,-0.00018238602328890519,0.00018238602328890519
MS_burgers_n4_twin_s8080,burgers,4,twin,8080,MS,0.25,0.5525115817268716,1.287448145992633e-06,0.5527385042446051,1.40434210757614e-06,-0.00022692251773348548,0.00022692251773348548
MS_burgers_n4_twin_s8080,burgers,4,twin,8080,MS,0.5,0.6099711055762497,9.862950472896325e-07,0.610342190741679,9.955402581416152e-07,-0.0003710851654292746,0.0003710851654292746
MS_burgers_n4_twin_s8080,burgers,4,twin,8080,MS,0.75,0.615159669958169,8.111551019556058e-07,0.6155906794316344,9.338412206059664e-07,-0.00043100947346541574,0.00043100947346541574
MS_burgers_n4_twin_s8080,burgers,4,twin,8080,MS,1.0,0.6015916702803569,1.4435540404257748e-06,0.601216735606354,9.634290999399992e-07,0.00037493467400284697,0.00037493467400284697
MS_burgers_n5_qapinn_s1234,burgers,5,qapinn,1234,MS,0.25,0.5519942752984269,2.0785781512881364e-06,0.5527385042446051,1.40434210757614e-06,-0.0007442289461782048,0.0007442289461782048
MS_burgers_n5_qapinn_s1234,burgers,5,qapinn,1234,MS,0.5,0.6101346970041505,8.372858621356263e-07,0.610342190741679,9.955402581416152e-07,-0.00020749373752848577,0.00020749373752848577
MS_burgers_n5_qapinn_s1234,burgers,5,qapinn,1234,MS,0.75,0.6155289597988102,1.0348351628828932e-06,0.6155906794316344,9.338412206059664e-07,-6.171963282419757e-05,6.171963282419757e-05
MS_burgers_n5_qapinn_s1234,burgers,5,qapinn,1234,MS,1.0,0.6009995623156495,1.3376822055894702e-07,0.601216735606354,9.634290999399992e-07,-0.00021717329070447544,0.00021717329070447544
MS_burgers_n5_qapinn_s2025,burgers,5,qapinn,2025,MS,0.25,0.5517538273931559,1.8386223426762724e-06,0.5527385042446051,1.40434210757614e-06,-0.0009846768514492066,0.0009846768514492066
MS_burgers_n5_qapinn_s2025,burgers,5,qapinn,2025,MS,0.5,0.6101806613136337,9.423164471586085e-07,0.610342190741679,9.955402581416152e-07,-0.0001615294280452595,0.0001615294280452595
MS_burgers_n5_qapinn_s2025,burgers,5,qapinn,2025,MS,0.75,0.6154365348580193,7.124056014139676e-07,0.6155906794316344,9.338412206059664e-07,-0.00015414457361506706,0.00015414457361506706
MS_burgers_n5_qapinn_s2025,burgers,5,qapinn,2025,MS,1.0,0.6013487548363785,3.6134894466540624e-07,0.601216735606354,9.634290999399992e-07,0.00013201923002448268,0.00013201923002448268
MS_burgers_n5_qapinn_s31415,burgers,5,qapinn,31415,MS,0.25,0.5520971378535474,1.9148661334276135e-06,0.5527385042446051,1.40434210757614e-06,-0.0006413663910577183,0.0006413663910577183
MS_burgers_n5_qapinn_s31415,burgers,5,qapinn,31415,MS,0.5,0.6099282835516777,8.156417687262715e-07,0.610342190741679,9.955402581416152e-07,-0.0004139071900012281,0.0004139071900012281
MS_burgers_n5_qapinn_s31415,burgers,5,qapinn,31415,MS,0.75,0.615752701379892,9.899959433021418e-07,0.6155906794316344,9.338412206059664e-07,0.00016202194825765126,0.00016202194825765126
MS_burgers_n5_qapinn_s31415,burgers,5,qapinn,31415,MS,1.0,0.6010986997903263,2.950639811120663e-07,0.601216735606354,9.634290999399992e-07,-0.0001180358160277617,0.0001180358160277617
MS_burgers_n5_qapinn_s777,burgers,5,qapinn,777,MS,0.25,0.552639379353332,1.344464787703698e-06,0.5527385042446051,1.40434210757614e-06,-9.912489127317237e-05,9.912489127317237e-05
MS_burgers_n5_qapinn_s777,burgers,5,qapinn,777,MS,0.5,0.6102530068944939,1.0628384916278267e-06,0.610342190741679,9.955402581416152e-07,-8.918384718503702e-05,8.918384718503702e-05
MS_burgers_n5_qapinn_s777,burgers,5,qapinn,777,MS,0.75,0.6158384916432995,6.460298198088326e-07,0.6155906794316344,9.338412206059664e-07,0.0002478122116651438,0.0002478122116651438
MS_burgers_n5_qapinn_s777,burgers,5,qapinn,777,MS,1.0,0.6012223016361496,1.164963855982469e-06,0.601216735606354,9.634290999399992e-07,5.566029795622818e-06,5.566029795622818e-06
MS_burgers_n5_qapinn_s8080,burgers,5,qapinn,8080,MS,0.25,0.5527822094070323,1.808074677490176e-06,0.5527385042446051,1.40434210757614e-06,4.3705162427132294e-05,4.3705162427132294e-05
MS_burgers_n5_qapinn_s8080,burgers,5,qapinn,8080,MS,0.5,0.61241572542234,8.753590685122893e-07,0.610342190741679,9.955402581416152e-07,0.002073534680661071,0.002073534680661071
MS_burgers_n5_qapinn_s8080,burgers,5,qapinn,8080,MS,0.75,0.6153774069959868,1.3879575215010944e-06,0.6155906794316344,9.338412206059664e-07,-0.00021327243564761567,0.00021327243564761567
MS_burgers_n5_qapinn_s8080,burgers,5,qapinn,8080,MS,1.0,0.60184834490622,1.3097591391581659e-06,0.601216735606354,9.634290999399992e-07,0.0006316092998659428,0.0006316092998659428
MS_burgers_n5_twin_s31415,burgers,5,twin,31415,MS,0.25,0.5522895418386436,1.4777278698806238e-06,0.5527385042446051,1.40434210757614e-06,-0.00044896240596148385,0.00044896240596148385
MS_burgers_n5_twin_s31415,burgers,5,twin,31415,MS,0.5,0.610001261548233,8.805323769966202e-07,0.610342190741679,9.955402581416152e-07,-0.0003409291934459713,0.0003409291934459713
MS_burgers_n5_twin_s31415,burgers,5,twin,31415,MS,0.75,0.6157642872081996,1.0847013893119908e-06,0.6155906794316344,9.338412206059664e-07,0.0001736077765652766,0.0001736077765652766
MS_burgers_n5_twin_s31415,burgers,5,twin,31415,MS,1.0,0.6008320776960544,5.96447470036893e-07,0.601216735606354,9.634290999399992e-07,-0.00038465791029962393,0.00038465791029962393
MS_burgers_n5_twin_s8080,burgers,5,twin,8080,MS,0.25,0.552429891757705,1.3654502039966772e-06,0.5527385042446051,1.40434210757614e-06,-0.00030861248690017273,0.00030861248690017273
MS_burgers_n5_twin_s8080,burgers,5,twin,8080,MS,0.5,0.6101643419695663,1.0626008662828433e-06,0.610342190741679,9.955402581416152e-07,-0.00017784877211268757,0.00017784877211268757
MS_burgers_n5_twin_s8080,burgers,5,twin,8080,MS,0.75,0.6156751601369621,8.892308758984481e-07,0.6155906794316344,9.338412206059664e-07,8.448070532773855e-05,8.448070532773855e-05
MS_burgers_n5_twin_s8080,burgers,5,twin,8080,MS,1.0,0.601503955386599,1.0224006787993118e-06,0.601216735606354,9.634290999399992e-07,0.00028721978024492945,0.00028721978024492945
MS_heat_n4_qapinn_s31415,heat,4,qapinn,31415,MS,0.25,0.5001178798576031,3.1666586684703e-06,0.5001441452957212,3.7042540637756282e-06,-2.626543811801163e-05,2.626543811801163e-05
MS_heat_n4_qapinn_s31415,heat,4,qapinn,31415,MS,0.5,0.500173144406654,4.654198303186148e-06,0.500144145295721,3.704254063775615e-06,2.8999110932903527e-05,2.8999110932903527e-05
MS_heat_n4_qapinn_s31415,heat,4,qapinn,31415,MS,0.75,0.5001722030608704,4.060270402823259e-06,0.5001441452957209,3.7042540637755956e-06,2.805776514946956e-05,2.805776514946956e-05
MS_heat_n4_qapinn_s31415,heat,4,qapinn,31415,MS,1.0,0.5001418081603896,3.342848750484058e-06,0.5001441452957209,3.7042540637756155e-06,-2.337135331376139e-06,2.337135331376139e-06
MS_heat_n4_qapinn_s8080,heat,4,qapinn,8080,MS,0.25,0.5001479925363819,3.9356782220828104e-06,0.5001441452957212,3.7042540637756282e-06,3.847240660714846e-06,3.847240660714846e-06
MS_heat_n4_qapinn_s8080,heat,4,qapinn,8080,MS,0.5,0.5002025837788648,5.5966301091902146e-06,0.500144145295721,3.704254063775615e-06,5.843848314379674e-05,5.843848314379674e-05
MS_heat_n4_qapinn_s8080,heat,4,qapinn,8080,MS,0.75,0.5001388522958958,3.441204396000279e-06,0.5001441452957209,3.7042540637755956e-06,-5.292999825101674e-06,5.292999825101674e-06
MS_heat_n4_qapinn_s8080,heat,4,qapinn,8080,MS,1.0,0.5000245151357274,3.45692614483686e-08,0.5001441452957209,3.7042540637756155e-06,-0.00011963015999350013,0.00011963015999350013
MS_heat_n4_twin_s31415,heat,4,twin,31415,MS,0.25,0.5000680482200113,1.2168387604409985e-06,0.5001441452957212,3.7042540637756282e-06,-7.609707570988e-05,7.609707570988e-05
MS_heat_n4_twin_s31415,heat,4,twin,31415,MS,0.5,0.5001339364882158,3.99917340829554e-06,0.500144145295721,3.704254063775615e-06,-1.0208807505240891e-05,1.0208807505240891e-05
MS_heat_n4_twin_s31415,heat,4,twin,31415,MS,0.75,0.5002682365694738,7.872358844648181e-06,0.5001441452957209,3.7042540637755956e-06,0.00012409127375290208,0.00012409127375290208
MS_heat_n4_twin_s31415,heat,4,twin,31415,MS,1.0,0.5003863753715319,8.29394436857609e-06,0.5001441452957209,3.7042540637756155e-06,0.00024223007581092304,0.00024223007581092304
MS_heat_n4_twin_s8080,heat,4,twin,8080,MS,0.25,0.5001425017656168,3.5876121781122027e-06,0.5001441452957212,3.7042540637756282e-06,-1.6435301043449257e-06,1.6435301043449257e-06
MS_heat_n4_twin_s8080,heat,4,twin,8080,MS,0.5,0.5001180604890855,2.9167634754043845e-06,0.500144145295721,3.704254063775615e-06,-2.6084806635573443e-05,2.6084806635573443e-05
MS_heat_n4_twin_s8080,heat,4,twin,8080,MS,0.75,0.5001451618866273,3.8041193039773934e-06,0.5001441452957209,3.7042540637755956e-06,1.0165909063442058e-06,1.0165909063442058e-06
MS_heat_n4_twin_s8080,heat,4,twin,8080,MS,1.0,0.5002709163590887,7.644682697206204e-06,0.5001441452957209,3.7042540637756155e-06,0.000126771063367781,0.000126771063367781
